id,shelterId,name
1,322,Veribet
2,661,Sonsing
3,733,Overhold
4,210,Alphazap
5,836,Greenlam
6,610,Cardify
7,903,Duobam
8,390,Ronstring
9,127,Voyatouch
10,233,Span
11,230,Regrant
12,759,Temp
13,632,Home Ing
14,976,Transcof
15,877,Tampflex
16,211,Bytecard
17,637,Bigtax
18,59,Fixflex
19,379,Tresom
20,701,Temp
21,127,Bytecard
22,286,Bitwolf
23,112,Greenlam
24,831,Transcof
25,767,Zoolab
26,434,Latlux
27,34,Veribet
28,971,Opela
29,862,Bamity
30,173,Pannier
31,711,Tampflex
32,390,Viva
33,960,Stronghold
34,332,Kanlam
35,948,Sub-Ex
36,754,Sonair
37,585,Ventosanzap
38,802,Voyatouch
39,503,Quo Lux
40,637,Veribet
41,496,Keylex
42,977,Flexidy
43,656,Flowdesk
44,74,Kanlam
45,300,Alpha
46,983,Stringtough
47,321,Cardify
48,44,Subin
49,507,Y-Solowarm
50,607,Bytecard
51,785,Transcof
52,293,Ronstring
53,377,Alphazap
54,245,Asoka
55,633,Stringtough
56,144,Y-find
57,299,Overhold
58,366,Sonair
59,896,Voltsillam
60,53,Konklux
61,783,Asoka
62,55,Flexidy
63,549,Ronstring
64,684,Cardify
65,199,Opela
66,791,Zontrax
67,8,Cardguard
68,438,Opela
69,276,Domainer
70,100,Flowdesk
71,780,Voyatouch
72,171,Subin
73,960,Viva
74,643,Ventosanzap
75,758,Fix San
76,183,Tampflex
77,173,Veribet
78,396,Solarbreeze
79,11,Zaam-Dox
80,929,Wrapsafe
81,710,Veribet
82,97,Stronghold
83,622,Aerified
84,429,Tres-Zap
85,381,Domainer
86,348,Bigtax
87,842,Prodder
88,495,Cardguard
89,717,Toughjoyfax
90,151,Voyatouch
91,182,Toughjoyfax
92,846,Treeflex
93,190,Wrapsafe
94,91,Y-Solowarm
95,578,Stim
96,695,Domainer
97,700,Home Ing
98,539,Tampflex
99,115,Lotstring
100,40,Job
101,353,Hatity
102,390,Voyatouch
103,583,Trippledex
104,64,Stronghold
105,333,Y-find
106,257,Duobam
107,240,Vagram
108,888,Holdlamis
109,301,Viva
110,325,Asoka
111,399,Otcom
112,795,Opela
113,237,Stim
114,28,Otcom
115,317,Alphazap
116,687,Otcom
117,341,Subin
118,510,Span
119,495,Cardguard
120,436,Stim
121,449,Fintone
122,652,Alpha
123,127,Alphazap
124,330,Veribet
125,981,Gembucket
126,157,Konklab
127,658,Cardguard
128,452,Y-find
129,211,Temp
130,962,Ronstring
131,575,Zoolab
132,624,Konklab
133,387,Greenlam
134,398,Tempsoft
135,116,Hatity
136,404,Cardify
137,550,Konklab
138,875,It
139,735,Ventosanzap
140,647,Zontrax
141,881,Stringtough
142,725,Tampflex
143,458,Transcof
144,824,Ventosanzap
145,956,Sonsing
146,85,Bitchip
147,62,Zathin
148,789,Cardify
149,356,Rank
150,468,Kanlam
151,991,Greenlam
152,505,Stringtough
153,5,Biodex
154,909,Aerified
155,563,Overhold
156,590,Domainer
157,162,Bitchip
158,481,Fix San
159,161,Tresom
160,257,Toughjoyfax
161,805,It
162,95,Aerified
163,907,Duobam
164,522,Fixflex
165,296,Ronstring
166,596,Bitchip
167,634,Solarbreeze
168,223,Stronghold
169,490,Solarbreeze
170,871,Alpha
171,931,Daltfresh
172,11,Zaam-Dox
173,316,Zamit
174,557,Ronstring
175,313,Stronghold
176,113,Solarbreeze
177,395,Fintone
178,103,Otcom
179,950,Asoka
180,219,Zoolab
181,437,Greenlam
182,481,Namfix
183,400,Voltsillam
184,260,Stronghold
185,623,Regrant
186,908,Daltfresh
187,288,Namfix
188,587,Keylex
189,93,Latlux
190,228,Lotstring
191,285,Rank
192,393,Alphazap
193,682,Asoka
194,819,Fintone
195,174,Alpha
196,898,Matsoft
197,478,Trippledex
198,720,Cardify
199,507,Cardify
200,932,Mat Lam Tam
201,235,Y-find
202,5,Span
203,786,Gembucket
204,791,Tin
205,322,Vagram
206,197,Voyatouch
207,265,Latlux
208,847,Greenlam
209,465,Tresom
210,893,Tampflex
211,582,Zamit
212,391,Toughjoyfax
213,622,Holdlamis
214,10,Tresom
215,19,Fix San
216,257,Domainer
217,164,Voltsillam
218,614,Temp
219,527,Zathin
220,514,Aerified
221,785,Biodex
222,987,Lotstring
223,49,Flowdesk
224,581,Treeflex
225,678,Span
226,66,Cookley
227,240,Home Ing
228,316,Tin
229,497,Bytecard
230,435,Span
231,376,Zaam-Dox
232,606,Treeflex
233,874,Quo Lux
234,605,Sonsing
235,819,Temp
236,110,Tres-Zap
237,356,Subin
238,811,Y-Solowarm
239,917,Tempsoft
240,16,Konklab
241,684,Greenlam
242,345,Fix San
243,896,Tin
244,370,Zathin
245,457,Temp
246,483,Solarbreeze
247,645,Treeflex
248,713,Voyatouch
249,316,Cardguard
250,254,Trippledex
251,1,Otcom
252,959,Sonsing
253,471,Andalax
254,720,Y-Solowarm
255,989,Otcom
256,336,Prodder
257,207,Duobam
258,234,Treeflex
259,482,Biodex
260,902,Fixflex
261,687,Pannier
262,945,Viva
263,145,Bitchip
264,19,Opela
265,149,Voyatouch
266,692,Matsoft
267,389,Voltsillam
268,303,Job
269,634,Stronghold
270,560,Stringtough
271,739,Zamit
272,504,Redhold
273,880,Asoka
274,871,Kanlam
275,730,Voltsillam
276,922,Rank
277,367,Home Ing
278,407,Fintone
279,739,Tresom
280,607,It
281,857,Keylex
282,530,Pannier
283,67,Tin
284,268,Ronstring
285,738,Job
286,128,Sonsing
287,794,Andalax
288,869,Fix San
289,227,Bigtax
290,876,Viva
291,982,Vagram
292,178,Fixflex
293,403,Regrant
294,249,Job
295,483,Alpha
296,290,Bytecard
297,429,Zontrax
298,922,Greenlam
299,762,Vagram
300,114,Toughjoyfax
301,327,Cookley
302,725,Tres-Zap
303,146,Matsoft
304,803,Treeflex
305,960,Lotstring
306,684,Zathin
307,219,Daltfresh
308,985,Sub-Ex
309,407,Stronghold
310,253,Holdlamis
311,379,Job
312,301,Toughjoyfax
313,909,Trippledex
314,111,Stim
315,488,Subin
316,490,Y-find
317,107,Span
318,603,Hatity
319,360,Greenlam
320,506,Holdlamis
321,596,Mat Lam Tam
322,491,Cookley
323,754,Pannier
324,31,Fixflex
325,751,Ronstring
326,229,Redhold
327,154,Lotstring
328,108,Regrant
329,697,Biodex
330,898,Bamity
331,635,Span
332,182,Regrant
333,776,Voltsillam
334,202,Solarbreeze
335,895,Pannier
336,1000,Regrant
337,431,Kanlam
338,100,Kanlam
339,292,Pannier
340,108,Otcom
341,782,Asoka
342,646,Job
343,446,Treeflex
344,78,Biodex
345,808,Namfix
346,92,Regrant
347,840,Lotstring
348,130,Daltfresh
349,226,Alphazap
350,141,Rank
351,804,Andalax
352,868,Kanlam
353,503,Regrant
354,369,Alphazap
355,123,Stringtough
356,84,Toughjoyfax
357,4,Stringtough
358,305,Lotstring
359,738,Veribet
360,729,Treeflex
361,490,Lotstring
362,482,Lotlux
363,84,Fix San
364,367,Subin
365,614,Sonair
366,586,Lotlux
367,321,Job
368,574,Otcom
369,425,Keylex
370,774,Otcom
371,305,Trippledex
372,944,Regrant
373,866,Tres-Zap
374,366,Alphazap
375,799,Fixflex
376,198,Y-Solowarm
377,904,Sub-Ex
378,120,Zathin
379,698,Home Ing
380,526,Aerified
381,230,Fixflex
382,195,Lotlux
383,426,Zathin
384,693,Fintone
385,283,Asoka
386,822,Span
387,711,Andalax
388,110,Matsoft
389,4,Y-Solowarm
390,304,Cookley
391,323,Bitchip
392,687,Lotlux
393,695,Konklab
394,997,Greenlam
395,851,Konklux
396,348,Stronghold
397,48,Zoolab
398,542,Wrapsafe
399,480,Lotstring
400,385,Sub-Ex
401,675,Treeflex
402,175,Duobam
403,594,Home Ing
404,173,Regrant
405,399,Kanlam
406,546,Namfix
407,694,Solarbreeze
408,747,Otcom
409,407,Fintone
410,99,Bitchip
411,764,Tresom
412,641,Lotlux
413,96,Stronghold
414,264,Subin
415,715,Tempsoft
416,289,Fixflex
417,48,Subin
418,636,Hatity
419,823,Tresom
420,667,Regrant
421,262,Zamit
422,900,Rank
423,134,Flexidy
424,362,Sonair
425,525,Fix San
426,948,Tresom
427,117,Prodder
428,451,Keylex
429,884,Home Ing
430,256,Fix San
431,853,Asoka
432,750,Holdlamis
433,813,Tampflex
434,258,Viva
435,992,Tempsoft
436,606,Viva
437,712,Greenlam
438,381,Latlux
439,4,Ventosanzap
440,430,Zamit
441,607,Stringtough
442,628,Rank
443,618,Fintone
444,75,Regrant
445,192,Greenlam
446,262,Temp
447,534,Opela
448,322,Hatity
449,420,Cardify
450,487,Pannier
451,554,Zoolab
452,135,Fix San
453,939,Redhold
454,694,Asoka
455,507,Ronstring
456,778,Sonair
457,993,Home Ing
458,790,Andalax
459,225,Duobam
460,132,Otcom
461,413,Holdlamis
462,623,Daltfresh
463,538,Vagram
464,88,Hatity
465,121,Viva
466,266,Andalax
467,850,Bigtax
468,379,Aerified
469,447,Alphazap
470,797,Greenlam
471,900,Holdlamis
472,888,Namfix
473,971,Cardguard
474,192,Trippledex
475,100,Aerified
476,912,Lotstring
477,747,Pannier
478,521,Greenlam
479,562,Solarbreeze
480,704,Zathin
481,745,Alpha
482,680,Vagram
483,801,Cookley
484,612,Matsoft
485,7,Rank
486,822,Biodex
487,897,Y-find
488,744,Stringtough
489,692,Zaam-Dox
490,31,Prodder
491,170,Tempsoft
492,790,Veribet
493,987,Zamit
494,994,Hatity
495,367,Bigtax
496,949,Tampflex
497,392,Fix San
498,497,Cardify
499,559,Alphazap
500,684,Bitchip
501,832,Opela
502,842,Veribet
503,496,Greenlam
504,485,Job
505,362,Toughjoyfax
506,243,Stim
507,676,Zontrax
508,231,Andalax
509,60,Temp
510,585,Overhold
511,728,Holdlamis
512,756,Tampflex
513,534,Ventosanzap
514,546,Gembucket
515,781,Flowdesk
516,354,Vagram
517,719,Stronghold
518,798,Zathin
519,656,Redhold
520,390,Pannier
521,352,Hatity
522,722,Fintone
523,113,Lotlux
524,126,Vagram
525,844,Redhold
526,340,Home Ing
527,723,Fix San
528,66,Zoolab
529,254,Biodex
530,549,Sonsing
531,78,Voltsillam
532,716,Stronghold
533,465,Job
534,864,Subin
535,31,Quo Lux
536,12,It
537,516,Tresom
538,750,Zamit
539,614,Domainer
540,26,Otcom
541,996,Daltfresh
542,236,Tin
543,829,Duobam
544,644,Greenlam
545,831,Tres-Zap
546,407,Holdlamis
547,67,Rank
548,252,Lotstring
549,457,Span
550,322,Andalax
551,867,Sonair
552,217,Gembucket
553,117,Tempsoft
554,848,Bigtax
555,582,Flexidy
556,352,Vagram
557,582,Zoolab
558,562,Y-find
559,280,Aerified
560,626,Ronstring
561,604,Sonair
562,791,Matsoft
563,261,Zaam-Dox
564,40,Transcof
565,197,Vagram
566,216,Alpha
567,813,Quo Lux
568,446,Cookley
569,686,Lotlux
570,294,Span
571,767,Gembucket
572,852,Zontrax
573,244,Bamity
574,887,Bamity
575,22,Flowdesk
576,541,Latlux
577,55,Alpha
578,191,Voltsillam
579,724,Kanlam
580,333,Opela
581,643,Gembucket
582,33,Sonsing
583,90,Toughjoyfax
584,267,Sonsing
585,465,Duobam
586,377,Flowdesk
587,260,Cardguard
588,503,Zamit
589,482,Holdlamis
590,976,Prodder
591,902,Konklab
592,439,Daltfresh
593,242,Sub-Ex
594,508,Gembucket
595,121,Ventosanzap
596,699,Tresom
597,914,Pannier
598,838,Job
599,924,Stringtough
600,31,Opela
601,968,Domainer
602,60,Tin
603,196,Flowdesk
604,217,Gembucket
605,16,Span
606,691,Treeflex
607,991,Quo Lux
608,333,Lotstring
609,463,Konklux
610,448,Zoolab
611,590,Hatity
612,660,Alpha
613,100,It
614,199,Zoolab
615,814,Cardguard
616,784,Lotstring
617,51,Bytecard
618,58,Holdlamis
619,124,Tin
620,105,Tin
621,926,Namfix
622,300,Prodder
623,853,Lotlux
624,323,Rank
625,75,Domainer
626,494,Sonair
627,631,Ronstring
628,959,Cookley
629,403,Tin
630,682,Mat Lam Tam
631,81,Tempsoft
632,730,Y-find
633,782,Voyatouch
634,732,Zoolab
635,740,Tres-Zap
636,221,Ventosanzap
637,577,Konklab
638,525,Wrapsafe
639,470,Solarbreeze
640,773,Biodex
641,717,Lotstring
642,214,Alphazap
643,375,Stringtough
644,229,Flowdesk
645,664,Biodex
646,277,Job
647,386,Opela
648,43,Bytecard
649,438,Gembucket
650,234,Subin
651,300,Konklab
652,136,Solarbreeze
653,270,Veribet
654,465,Asoka
655,709,It
656,514,Biodex
657,844,Quo Lux
658,211,Zathin
659,972,Sub-Ex
660,468,Aerified
661,180,Rank
662,267,Wrapsafe
663,638,Tres-Zap
664,721,Bigtax
665,799,Otcom
666,130,Redhold
667,638,Job
668,795,Matsoft
669,410,Sonair
670,589,Bamity
671,810,Zaam-Dox
672,484,Namfix
673,596,Regrant
674,116,Subin
675,396,Mat Lam Tam
676,570,Cardguard
677,371,Fintone
678,655,Domainer
679,978,Job
680,780,Fixflex
681,250,Ronstring
682,221,Tin
683,994,Konklux
684,969,Zontrax
685,700,Tampflex
686,484,Holdlamis
687,235,Cardify
688,385,Asoka
689,437,Wrapsafe
690,630,Y-Solowarm
691,996,Tempsoft
692,894,Gembucket
693,55,It
694,699,Job
695,414,Toughjoyfax
696,428,Stringtough
697,138,Latlux
698,90,Regrant
699,882,Lotstring
700,908,Cardify
701,930,Sonair
702,718,Lotstring
703,138,Transcof
704,713,Cookley
705,249,Regrant
706,593,Solarbreeze
707,975,Cookley
708,41,Asoka
709,437,Lotlux
710,567,Job
711,546,Cookley
712,573,Ventosanzap
713,744,Matsoft
714,908,Zaam-Dox
715,149,Opela
716,198,Flexidy
717,869,Konklab
718,638,Asoka
719,644,Tresom
720,852,Toughjoyfax
721,522,Alpha
722,115,Sonair
723,560,Sonair
724,114,Regrant
725,294,Bamity
726,294,Tempsoft
727,296,Flowdesk
728,391,Hatity
729,362,Matsoft
730,693,Stim
731,271,Job
732,979,Tresom
733,970,Prodder
734,147,Home Ing
735,604,Rank
736,882,Zamit
737,138,Alpha
738,585,Cardify
739,878,Home Ing
740,944,Mat Lam Tam
741,935,Flowdesk
742,889,Tin
743,815,Matsoft
744,205,Opela
745,256,Prodder
746,304,Lotlux
747,119,Alphazap
748,437,Voyatouch
749,128,Voltsillam
750,457,Flowdesk
751,87,Flowdesk
752,927,Daltfresh
753,926,Bigtax
754,204,Keylex
755,962,Zaam-Dox
756,532,Subin
757,181,Veribet
758,31,Stringtough
759,827,Zathin
760,567,Konklux
761,9,Quo Lux
762,55,Domainer
763,769,Stronghold
764,983,Konklab
765,966,Domainer
766,875,Wrapsafe
767,181,Fixflex
768,203,Toughjoyfax
769,776,Wrapsafe
770,432,Lotlux
771,473,Zathin
772,921,Duobam
773,582,Wrapsafe
774,625,Viva
775,846,Bigtax
776,546,Y-find
777,29,Zoolab
778,126,Y-Solowarm
779,561,Sub-Ex
780,885,Trippledex
781,665,Pannier
782,463,Fixflex
783,494,Asoka
784,686,Regrant
785,951,Alphazap
786,370,Tres-Zap
787,204,Redhold
788,439,Job
789,511,Lotlux
790,529,Lotlux
791,408,Treeflex
792,959,Transcof
793,37,Span
794,997,Opela
795,863,Zoolab
796,457,Bigtax
797,568,Y-Solowarm
798,88,Zoolab
799,158,Latlux
800,400,Flexidy
801,378,Tin
802,879,Temp
803,469,Veribet
804,839,Daltfresh
805,61,Lotstring
806,75,Tampflex
807,662,Quo Lux
808,853,Vagram
809,881,Redhold
810,542,Cardify
811,445,Gembucket
812,460,Tres-Zap
813,39,Cardguard
814,856,Flowdesk
815,780,Fintone
816,589,Y-find
817,382,Keylex
818,18,Domainer
819,819,Tin
820,770,Konklux
821,335,Temp
822,859,Lotstring
823,649,Lotstring
824,399,Pannier
825,725,Regrant
826,89,Transcof
827,948,Holdlamis
828,799,Gembucket
829,332,Tresom
830,316,Home Ing
831,544,Pannier
832,581,Bitchip
833,517,Bigtax
834,517,Pannier
835,10,Tampflex
836,187,Viva
837,264,Y-Solowarm
838,92,Tres-Zap
839,488,Asoka
840,558,Bitwolf
841,279,Wrapsafe
842,593,Bigtax
843,781,Bamity
844,60,Keylex
845,808,Fixflex
846,871,Alphazap
847,948,Bitchip
848,955,Veribet
849,292,Subin
850,70,Wrapsafe
851,519,Sonair
852,521,Zathin
853,215,Holdlamis
854,251,Konklux
855,972,Lotstring
856,454,Duobam
857,425,Y-find
858,562,Opela
859,315,Tres-Zap
860,745,Namfix
861,675,Fix San
862,522,Regrant
863,179,Zoolab
864,8,Bamity
865,93,Bamity
866,280,Fix San
867,647,Stim
868,894,Otcom
869,519,Sonair
870,918,Home Ing
871,383,Regrant
872,268,Bitchip
873,478,Tresom
874,763,Flexidy
875,599,Biodex
876,755,Temp
877,726,Veribet
878,477,Temp
879,994,Bytecard
880,686,Temp
881,369,Wrapsafe
882,870,Prodder
883,832,Bitchip
884,248,Sonair
885,895,Redhold
886,647,Zamit
887,790,Asoka
888,498,Bigtax
889,14,Treeflex
890,373,Domainer
891,910,Regrant
892,678,Asoka
893,189,Fintone
894,364,Sub-Ex
895,325,Keylex
896,185,Stim
897,934,Tresom
898,317,Zoolab
899,481,Wrapsafe
900,941,Mat Lam Tam
901,110,Veribet
902,273,Biodex
903,763,Konklab
904,613,Flowdesk
905,135,Bitchip
906,413,Fixflex
907,105,Konklab
908,130,Zathin
909,269,Asoka
910,206,Tampflex
911,693,Prodder
912,9,Konklux
913,789,Lotlux
914,563,Lotstring
915,911,Flexidy
916,524,Domainer
917,567,Konklab
918,926,Vagram
919,117,Tresom
920,131,Bamity
921,540,Toughjoyfax
922,599,Tin
923,552,Zoolab
924,728,Biodex
925,659,Zaam-Dox
926,540,Treeflex
927,319,Voltsillam
928,868,Bitwolf
929,503,Lotstring
930,495,Zontrax
931,481,Zontrax
932,231,Matsoft
933,10,Rank
934,300,Zaam-Dox
935,379,Quo Lux
936,384,Sub-Ex
937,364,Fixflex
938,382,Zontrax
939,80,Vagram
940,877,Tresom
941,526,Ventosanzap
942,967,Duobam
943,905,Sonsing
944,648,Tempsoft
945,297,Bamity
946,679,Regrant
947,499,Sonair
948,228,Wrapsafe
949,457,Alphazap
950,638,Overhold
951,60,It
952,156,Overhold
953,730,Y-find
954,528,Asoka
955,960,Y-find
956,910,Andalax
957,843,Daltfresh
958,871,Bigtax
959,962,Lotstring
960,32,Sonsing
961,740,Zontrax
962,640,Lotstring
963,757,Konklux
964,63,Treeflex
965,402,Span
966,874,Greenlam
967,374,Fixflex
968,283,Transcof
969,795,Fix San
970,582,Konklux
971,524,It
972,610,Overhold
973,829,Vagram
974,35,Flexidy
975,729,Gembucket
976,71,Tempsoft
977,221,Duobam
978,260,Alpha
979,254,Stringtough
980,378,Duobam
981,330,Bamity
982,968,Stim
983,349,Solarbreeze
984,53,Greenlam
985,317,Opela
986,389,Duobam
987,736,Kanlam
988,37,Toughjoyfax
989,154,Veribet
990,630,Bitwolf
991,892,Sonsing
992,246,Cardify
993,813,Flowdesk
994,975,Transcof
995,633,Greenlam
996,489,Hatity
997,729,Namfix
998,426,Quo Lux
999,130,Tres-Zap
1000,219,Latlux
