id,type,desc
1,orci mauris,"Quisque porta volutpat erat. Quisque erat eros, viverra eget, congue eget, semper rutrum, nulla."
2,dapibus duis at velit,Morbi non lectus. Aliquam sit amet diam in magna bibendum imperdiet.
3,duis,Praesent id massa id nisl venenatis lacinia. Aenean sit amet justo. Morbi ut odio.
4,volutpat in,Maecenas rhoncus aliquam lacus. Morbi quis tortor id nulla ultrices aliquet.
5,nec,Maecenas pulvinar lobortis est.
6,gravida,"Integer pede justo, lacinia eget, tincidunt eget, tempus vel, pede. Morbi porttitor lorem id ligula."
7,felis eu sapien cursus,"Nulla neque libero, convallis eget, eleifend luctus, ultricies eu, nibh. Quisque id justo sit amet sapien dignissim vestibulum. Vestibulum ante ipsum primis in faucibus orci luctus et ultrices posuere cubilia Curae; Nulla dapibus dolor vel est."
8,in magna bibendum imperdiet,Phasellus sit amet erat.
9,sapien,Ut at dolor quis odio consequat varius.
10,fusce consequat nulla nisl nunc,"Quisque arcu libero, rutrum ac, lobortis vel, dapibus at, diam."
11,neque,Nulla ac enim.
12,ultrices aliquet maecenas leo,"In blandit ultrices enim. Lorem ipsum dolor sit amet, consectetuer adipiscing elit. Proin interdum mauris non ligula pellentesque ultrices."
13,sit amet consectetuer adipiscing,Nulla tellus.
14,quam fringilla rhoncus mauris enim,"In hac habitasse platea dictumst. Morbi vestibulum, velit id pretium iaculis, diam erat fermentum justo, nec condimentum neque sapien placerat ante. Nulla justo."
15,quis orci nullam molestie nibh,Praesent blandit lacinia erat.
16,cum sociis natoque penatibus et,Duis mattis egestas metus. Aenean fermentum.
17,lorem quisque ut erat,"In blandit ultrices enim. Lorem ipsum dolor sit amet, consectetuer adipiscing elit."
18,sollicitudin,Cras non velit nec nisi vulputate nonummy. Maecenas tincidunt lacus at velit.
19,maecenas leo odio condimentum,Maecenas ut massa quis augue luctus tincidunt.
20,odio condimentum id luctus,"Maecenas tristique, est et tempus semper, est quam pharetra magna, ac consequat metus sapien ut nunc. Vestibulum ante ipsum primis in faucibus orci luctus et ultrices posuere cubilia Curae; Mauris viverra diam vitae quam. Suspendisse potenti."
21,fusce,"Cras pellentesque volutpat dui. Maecenas tristique, est et tempus semper, est quam pharetra magna, ac consequat metus sapien ut nunc."
22,justo lacinia eget,Nulla justo.
23,aliquam augue,Morbi a ipsum.
24,phasellus in felis donec,In hac habitasse platea dictumst.
25,enim leo,Nulla nisl. Nunc nisl.
26,pharetra,"Donec ut dolor. Morbi vel lectus in quam fringilla rhoncus. Mauris enim leo, rhoncus sed, vestibulum sit amet, cursus id, turpis."
27,urna,Suspendisse potenti. In eleifend quam a odio. In hac habitasse platea dictumst.
28,eros suspendisse accumsan tortor,"Nam nulla. Integer pede justo, lacinia eget, tincidunt eget, tempus vel, pede."
29,sem praesent,Nulla ut erat id mauris vulputate elementum. Nullam varius. Nulla facilisi.
30,nisi vulputate nonummy maecenas,Sed accumsan felis.
31,quam sapien,"Phasellus id sapien in sapien iaculis congue. Vivamus metus arcu, adipiscing molestie, hendrerit at, vulputate vitae, nisl. Aenean lectus."
32,condimentum,"Integer aliquet, massa id lobortis convallis, tortor risus dapibus augue, vel accumsan tellus nisi eu orci. Mauris lacinia sapien quis libero."
33,lacinia nisi venenatis tristique fusce,Etiam vel augue. Vestibulum rutrum rutrum neque.
34,nulla integer pede justo,Praesent blandit lacinia erat. Vestibulum sed magna at nunc commodo placerat. Praesent blandit.
35,amet turpis elementum ligula vehicula,Cras non velit nec nisi vulputate nonummy. Maecenas tincidunt lacus at velit. Vivamus vel nulla eget eros elementum pellentesque.
36,amet erat,Vivamus tortor. Duis mattis egestas metus. Aenean fermentum.
37,sem fusce consequat nulla,Morbi porttitor lorem id ligula. Suspendisse ornare consequat lectus.
38,id luctus nec,"Suspendisse potenti. Cras in purus eu magna vulputate luctus. Cum sociis natoque penatibus et magnis dis parturient montes, nascetur ridiculus mus."
39,quisque erat eros,Duis at velit eu est congue elementum. In hac habitasse platea dictumst.
40,leo rhoncus sed vestibulum sit,Donec dapibus.
41,eros elementum,Vestibulum ante ipsum primis in faucibus orci luctus et ultrices posuere cubilia Curae; Nulla dapibus dolor vel est.
42,leo,Donec posuere metus vitae ipsum. Aliquam non mauris. Morbi non lectus.
43,nunc vestibulum,"Cum sociis natoque penatibus et magnis dis parturient montes, nascetur ridiculus mus. Vivamus vestibulum sagittis sapien."
44,a,"Curabitur gravida nisi at nibh. In hac habitasse platea dictumst. Aliquam augue quam, sollicitudin vitae, consectetuer eget, rutrum at, lorem."
45,rutrum at lorem,Morbi porttitor lorem id ligula.
46,donec semper,Vivamus vestibulum sagittis sapien.
47,orci,Etiam justo.
48,phasellus,Suspendisse accumsan tortor quis turpis. Sed ante.
49,aliquet pulvinar,"Duis ac nibh. Fusce lacus purus, aliquet at, feugiat non, pretium quis, lectus."
50,pellentesque viverra pede ac,"Lorem ipsum dolor sit amet, consectetuer adipiscing elit."
51,elementum nullam varius nulla,"Nulla ac enim. In tempor, turpis nec euismod scelerisque, quam turpis adipiscing lorem, vitae mattis nibh ligula nec sem."
52,ac neque duis bibendum,Nulla ut erat id mauris vulputate elementum. Nullam varius.
53,aliquet pulvinar sed nisl nunc,Sed vel enim sit amet nunc viverra dapibus. Nulla suscipit ligula in lacus. Curabitur at ipsum ac tellus semper interdum.
54,luctus,Vestibulum ante ipsum primis in faucibus orci luctus et ultrices posuere cubilia Curae; Duis faucibus accumsan odio.
55,mus etiam vel augue,"Cras in purus eu magna vulputate luctus. Cum sociis natoque penatibus et magnis dis parturient montes, nascetur ridiculus mus. Vivamus vestibulum sagittis sapien."
56,ultrices posuere cubilia curae,Etiam justo.
57,curabitur convallis duis,"Morbi vestibulum, velit id pretium iaculis, diam erat fermentum justo, nec condimentum neque sapien placerat ante. Nulla justo. Aliquam quis turpis eget elit sodales scelerisque."
58,orci pede,"Maecenas tristique, est et tempus semper, est quam pharetra magna, ac consequat metus sapien ut nunc. Vestibulum ante ipsum primis in faucibus orci luctus et ultrices posuere cubilia Curae; Mauris viverra diam vitae quam. Suspendisse potenti."
59,sit amet erat nulla,Vestibulum ante ipsum primis in faucibus orci luctus et ultrices posuere cubilia Curae; Mauris viverra diam vitae quam. Suspendisse potenti. Nullam porttitor lacus at turpis.
60,maecenas tristique est et,Nunc nisl.
61,tempor turpis nec euismod,"Donec odio justo, sollicitudin ut, suscipit a, feugiat et, eros."
62,eleifend quam a,Quisque id justo sit amet sapien dignissim vestibulum. Vestibulum ante ipsum primis in faucibus orci luctus et ultrices posuere cubilia Curae; Nulla dapibus dolor vel est.
63,augue vestibulum,"Lorem ipsum dolor sit amet, consectetuer adipiscing elit. Proin risus. Praesent lectus."
64,in hac habitasse,Phasellus id sapien in sapien iaculis congue.
65,interdum mauris ullamcorper,Ut at dolor quis odio consequat varius. Integer ac leo. Pellentesque ultrices mattis odio.
66,eget vulputate ut,Curabitur convallis. Duis consequat dui nec nisi volutpat eleifend. Donec ut dolor.
67,consequat ut nulla sed accumsan,Ut tellus. Nulla ut erat id mauris vulputate elementum. Nullam varius.
68,et tempus,"Nulla neque libero, convallis eget, eleifend luctus, ultricies eu, nibh."
69,convallis nulla,"Duis bibendum, felis sed interdum venenatis, turpis enim blandit mi, in porttitor pede justo eu massa. Donec dapibus."
70,justo eu massa,"Nulla neque libero, convallis eget, eleifend luctus, ultricies eu, nibh. Quisque id justo sit amet sapien dignissim vestibulum. Vestibulum ante ipsum primis in faucibus orci luctus et ultrices posuere cubilia Curae; Nulla dapibus dolor vel est."
71,mauris ullamcorper purus,Etiam vel augue. Vestibulum rutrum rutrum neque.
72,ante,Nullam porttitor lacus at turpis. Donec posuere metus vitae ipsum. Aliquam non mauris.
73,odio,"Cras mi pede, malesuada in, imperdiet et, commodo vulputate, justo."
74,pede lobortis ligula sit amet,Praesent id massa id nisl venenatis lacinia. Aenean sit amet justo.
75,pellentesque ultrices phasellus,Phasellus in felis.
76,odio,"Donec diam neque, vestibulum eget, vulputate ut, ultrices vel, augue."
77,adipiscing elit proin risus praesent,"In est risus, auctor sed, tristique in, tempus sit amet, sem. Fusce consequat. Nulla nisl."
78,maecenas rhoncus aliquam lacus morbi,Cras pellentesque volutpat dui.
79,nisl venenatis lacinia,"Mauris enim leo, rhoncus sed, vestibulum sit amet, cursus id, turpis."
80,ultrices posuere,Aliquam sit amet diam in magna bibendum imperdiet.
81,aenean sit amet,Integer a nibh. In quis justo.
82,condimentum curabitur in libero,Morbi non lectus.
83,curae,Nulla ut erat id mauris vulputate elementum. Nullam varius. Nulla facilisi.
84,molestie sed justo pellentesque viverra,"Suspendisse ornare consequat lectus. In est risus, auctor sed, tristique in, tempus sit amet, sem. Fusce consequat."
85,turpis sed ante,Nulla tempus. Vivamus in felis eu sapien cursus vestibulum.
86,commodo placerat praesent,Praesent lectus.
87,nulla pede ullamcorper augue a,Etiam vel augue. Vestibulum rutrum rutrum neque. Aenean auctor gravida sem.
88,risus semper porta,Proin eu mi.
89,quam pharetra magna,"Vestibulum quam sapien, varius ut, blandit non, interdum in, ante. Vestibulum ante ipsum primis in faucibus orci luctus et ultrices posuere cubilia Curae; Duis faucibus accumsan odio."
90,in congue etiam,Etiam pretium iaculis justo. In hac habitasse platea dictumst.
91,commodo vulputate justo in,"Fusce lacus purus, aliquet at, feugiat non, pretium quis, lectus. Suspendisse potenti."
92,nam,"Quisque porta volutpat erat. Quisque erat eros, viverra eget, congue eget, semper rutrum, nulla."
93,at nibh in hac,Proin at turpis a pede posuere nonummy.
94,porta volutpat erat,"Nulla neque libero, convallis eget, eleifend luctus, ultricies eu, nibh. Quisque id justo sit amet sapien dignissim vestibulum. Vestibulum ante ipsum primis in faucibus orci luctus et ultrices posuere cubilia Curae; Nulla dapibus dolor vel est."
95,integer tincidunt ante,Phasellus id sapien in sapien iaculis congue.
96,ac,"Nullam orci pede, venenatis non, sodales sed, tincidunt eu, felis. Fusce posuere felis sed lacus. Morbi sem mauris, laoreet ut, rhoncus aliquet, pulvinar sed, nisl."
97,nullam,Donec dapibus.
98,luctus,Nunc rhoncus dui vel sem.
99,enim,Mauris lacinia sapien quis libero. Nullam sit amet turpis elementum ligula vehicula consequat. Morbi a ipsum.
100,turpis integer aliquet massa,"Cras mi pede, malesuada in, imperdiet et, commodo vulputate, justo."
