id,name
1,Gibson
2,Washington
3,Richardson
4,Richardson
5,Long
6,Torres
7,Bell
8,Olson
9,Harris
10,Rivera
11,Crawford
12,Jacobs
13,Welch
14,Lewis
15,Nguyen
16,Tucker
17,Snyder
18,Flores
19,Hill
20,Nelson
21,Palmer
22,Peters
23,Woods
24,Willis
25,Jordan
26,Anderson
27,Reid
28,Romero
29,Williamson
30,Lee
31,Kennedy
32,Robertson
33,Turner
34,Watson
35,Nichols
36,Rice
37,Simpson
38,Moreno
39,Ryan
40,Bailey
41,Hart
42,Evans
43,Simmons
44,Montgomery
45,Fuller
46,Kelley
47,Welch
48,Warren
49,Rice
50,Medina
51,Kelley
52,Montgomery
53,Woods
54,Lawson
55,Elliott
56,Ramos
57,Ramirez
58,Rice
59,Collins
60,Robinson
61,Woods
62,Murphy
63,Medina
64,Wagner
65,Miller
66,Greene
67,Sims
68,Rose
69,Larson
70,Morgan
71,Adams
72,Myers
73,Webb
74,Romero
75,Garza
76,Rivera
77,Holmes
78,Burns
79,Henderson
80,Gordon
81,Robinson
82,Turner
83,Nelson
84,Mason
85,Freeman
86,Murray
87,Moreno
88,Kim
89,Harrison
90,Garcia
91,Mitchell
92,Carter
93,Ellis
94,Griffin
95,Frazier
96,Barnes
97,Sanchez
98,Olson
99,Coleman
100,Powell
