id,name,desc,qty,units
1,nulla ut erat id mauris vulputate,Praesent id massa id nisl venenatis lacinia.,51.477,m^3
2,metus arcu adipiscing molestie,Integer non velit.,4077.811,fl oz
3,elementum eu interdum,Quisque ut erat.,1563.514,oz
4,fringilla rhoncus,"Nam congue, risus semper porta volutpat, quam pede lobortis ligula, sit amet eleifend pede libero quis orci.",3588.23,oz
5,erat quisque erat eros viverra eget congue,"Vestibulum ante ipsum primis in faucibus orci luctus et ultrices posuere cubilia Curae; Donec pharetra, magna vestibulum aliquet ultrices, erat tortor sollicitudin mi, sit amet lobortis sapien sapien non mi.",59.395,L
6,non ligula pellentesque,"Quisque arcu libero, rutrum ac, lobortis vel, dapibus at, diam.",3600.895,fl oz
7,convallis duis consequat,Vivamus tortor.,3979.777,L
8,scelerisque mauris sit amet eros suspendisse,Nulla ut erat id mauris vulputate elementum.,3196.798,fl oz
9,ullamcorper purus sit amet nulla quisque arcu,Morbi a ipsum.,4120.544,oz
10,nulla eget eros elementum pellentesque,,1288.84,fl oz
11,curae donec,Integer non velit.,1072.507,L
12,id,Quisque ut erat.,2525.292,oz
13,curabitur convallis duis consequat dui,Donec vitae nisi.,3079.219,L
14,neque,Nunc rhoncus dui vel sem.,4628.214,oz
15,lectus in quam fringilla rhoncus,Vestibulum rutrum rutrum neque.,3230.185,fl oz
16,quisque arcu libero rutrum ac lobortis,"Mauris enim leo, rhoncus sed, vestibulum sit amet, cursus id, turpis.",4519.868,fl oz
17,sit amet cursus id turpis integer aliquet,Nullam porttitor lacus at turpis.,2939.404,fl oz
18,in hac habitasse,Morbi vel lectus in quam fringilla rhoncus.,2461.233,oz
19,suscipit ligula in lacus curabitur at ipsum,Quisque id justo sit amet sapien dignissim vestibulum.,3306.449,fl oz
20,quam suspendisse potenti,Nunc rhoncus dui vel sem.,3199.602,oz
21,hac habitasse platea,Nunc purus.,2602.078,oz
22,phasellus sit amet erat nulla tempus vivamus,Pellentesque at nulla.,4172.631,fl oz
23,dictumst aliquam augue,"Duis bibendum, felis sed interdum venenatis, turpis enim blandit mi, in porttitor pede justo eu massa.",539.866,L
24,nulla ultrices aliquet maecenas leo odio,"Maecenas leo odio, condimentum id, luctus nec, molestie sed, justo.",2199.936,L
25,elit ac nulla sed vel enim sit,Donec ut dolor.,4953.153,oz
26,eget tincidunt eget tempus vel,Curabitur in libero ut massa volutpat convallis.,354.292,kg
27,proin leo,Cras non velit nec nisi vulputate nonummy.,3858.473,fl oz
28,odio porttitor id consequat in consequat ut,Nulla tempus.,163.811,fl oz
29,condimentum neque,,915.633,fl oz
30,turpis donec posuere metus vitae ipsum aliquam,"Nullam orci pede, venenatis non, sodales sed, tincidunt eu, felis.",4097.376,oz
31,tellus nulla,Quisque ut erat.,470.011,fl oz
32,turpis eget elit,Etiam faucibus cursus urna.,2987.501,fl oz
33,tempus vivamus in,Aliquam erat volutpat.,2059.03,oz
34,orci vehicula condimentum curabitur in libero ut,Curabitur at ipsum ac tellus semper interdum.,2846.51,fl oz
35,quis turpis,"Vivamus metus arcu, adipiscing molestie, hendrerit at, vulputate vitae, nisl.",3496.058,g
36,ante nulla justo aliquam,Praesent id massa id nisl venenatis lacinia.,4061.8,kg
37,pulvinar sed nisl,Vestibulum sed magna at nunc commodo placerat.,1982.902,kg
38,aliquam,Etiam pretium iaculis justo.,1247.213,L
39,mattis pulvinar nulla pede ullamcorper,"Integer aliquet, massa id lobortis convallis, tortor risus dapibus augue, vel accumsan tellus nisi eu orci.",309.701,oz
40,a libero nam dui proin leo,Aenean sit amet justo.,3680.124,fl oz
41,tincidunt lacus,Nulla justo.,508.951,fl oz
42,velit donec diam neque vestibulum,"Morbi odio odio, elementum eu, interdum eu, tincidunt in, leo.",1817.329,fl oz
43,ultricies,Morbi quis tortor id nulla ultrices aliquet.,892.733,oz
44,sapien dignissim vestibulum,Suspendisse potenti.,1069.596,oz
45,fusce consequat nulla nisl nunc nisl duis,In blandit ultrices enim.,2486.863,fl oz
46,erat quisque erat eros viverra eget congue,In hac habitasse platea dictumst.,2036.871,fl oz
47,interdum mauris ullamcorper purus sit,Morbi a ipsum.,3176.069,fl oz
48,a,In quis justo.,3533.049,fl oz
49,at turpis a pede posuere,,4632.128,L
50,amet consectetuer adipiscing elit,Suspendisse potenti.,4040.369,oz
51,lectus,Vivamus in felis eu sapien cursus vestibulum.,3420.836,oz
52,consequat metus sapien,Maecenas rhoncus aliquam lacus.,1844.655,oz
53,amet cursus id,Duis aliquam convallis nunc.,496.734,L
54,volutpat sapien arcu sed,"In tempor, turpis nec euismod scelerisque, quam turpis adipiscing lorem, vitae mattis nibh ligula nec sem.",1062.597,fl oz
55,eget nunc donec quis orci eget orci,"Proin leo odio, porttitor id, consequat in, consequat ut, nulla.",3039.284,fl oz
56,facilisi cras non velit nec nisi,Praesent blandit.,3175.527,fl oz
57,amet lobortis sapien sapien,Praesent blandit lacinia erat.,309.336,oz
58,lacinia,Aenean lectus.,2692.208,oz
59,penatibus et magnis dis parturient,Duis ac nibh.,3222.656,kg
60,consectetuer adipiscing elit proin,"In tempor, turpis nec euismod scelerisque, quam turpis adipiscing lorem, vitae mattis nibh ligula nec sem.",2268.195,fl oz
61,ultrices vel augue vestibulum,Duis bibendum.,4338.847,fl oz
62,sit amet erat nulla tempus vivamus,Nam dui.,2000.115,kg
63,aenean fermentum donec ut mauris,Suspendisse accumsan tortor quis turpis.,1113.039,L
64,mi sit amet lobortis sapien,Ut tellus.,3227.755,fl oz
65,nunc donec quis orci eget orci vehicula,Nulla ac enim.,3662.989,g
66,felis eu sapien cursus vestibulum,"Maecenas tristique, est et tempus semper, est quam pharetra magna, ac consequat metus sapien ut nunc.",422.395,oz
67,phasellus sit amet erat,Etiam vel augue.,229.308,fl oz
68,duis ac nibh,Aenean lectus.,408.633,m^2
69,amet lobortis sapien sapien,Curabitur in libero ut massa volutpat convallis.,748.783,fl oz
70,nonummy maecenas tincidunt lacus at velit vivamus,Integer ac neque.,2375.43,fl oz
71,vel dapibus at diam nam tristique tortor,Proin eu mi.,4995.053,oz
72,ante ipsum primis in,In sagittis dui vel nisl.,1251.188,fl oz
73,cubilia curae donec pharetra magna vestibulum,Etiam vel augue.,893.3,fl oz
74,amet cursus,Aenean sit amet justo.,4428.255,oz
75,pulvinar lobortis est phasellus sit amet,"Morbi odio odio, elementum eu, interdum eu, tincidunt in, leo.",1532.864,fl oz
76,vulputate,Nullam porttitor lacus at turpis.,780.628,fl oz
77,sagittis dui vel nisl duis,,2658.455,fl oz
78,lacus at velit vivamus,Vestibulum rutrum rutrum neque.,4768.969,m^2
79,id massa id nisl venenatis lacinia,Mauris lacinia sapien quis libero.,3261.003,oz
80,amet,,311.842,oz
81,nulla ultrices,Pellentesque ultrices mattis odio.,3009.795,fl oz
82,in tempus sit amet sem fusce consequat,Aliquam quis turpis eget elit sodales scelerisque.,3831.215,oz
83,sed vel enim sit amet nunc,,3782.111,fl oz
84,sed ante vivamus tortor,,151.178,fl oz
85,morbi non quam nec,Praesent lectus.,2787.769,fl oz
86,donec,Donec semper sapien a libero.,1355.742,fl oz
87,vitae,Etiam justo.,1631.423,fl oz
88,pellentesque,,1313.456,fl oz
89,tempus,,1670.278,fl oz
90,feugiat,Pellentesque eget nunc.,1698.046,L
91,nisi volutpat eleifend,Integer a nibh.,2032.208,fl oz
92,at dolor,Maecenas pulvinar lobortis est.,2670.022,fl oz
93,mauris sit amet eros suspendisse accumsan tortor,Morbi a ipsum.,65.315,fl oz
94,integer pede justo lacinia eget,"Lorem ipsum dolor sit amet, consectetuer adipiscing elit.",4275.961,fl oz
95,sit amet,Praesent id massa id nisl venenatis lacinia.,1796.083,g
96,primis in faucibus orci,"Fusce lacus purus, aliquet at, feugiat non, pretium quis, lectus.",3498.983,fl oz
97,leo rhoncus,Morbi ut odio.,1503.202,fl oz
98,cursus,Integer ac leo.,194.26,fl oz
99,in,Nunc purus.,1295.758,fl oz
100,non ligula pellentesque ultrices,"Integer aliquet, massa id lobortis convallis, tortor risus dapibus augue, vel accumsan tellus nisi eu orci.",4170.334,oz
101,est quam pharetra magna ac,Nam tristique tortor eu pede.,3641.442,oz
102,aliquam erat,Nunc nisl.,2393.827,fl oz
103,lacus morbi,Sed accumsan felis.,3552.772,oz
104,sapien cum sociis,Mauris lacinia sapien quis libero.,1323.193,fl oz
105,vulputate elementum,,3030.671,L
106,tempor turpis nec,Vestibulum ante ipsum primis in faucibus orci luctus et ultrices posuere cubilia Curae; Duis faucibus accumsan odio.,2365.736,fl oz
107,quam suspendisse potenti nullam porttitor lacus,Proin eu mi.,3725.839,fl oz
108,mi integer ac neque,Maecenas ut massa quis augue luctus tincidunt.,805.027,fl oz
109,amet diam in magna bibendum imperdiet,"Morbi odio odio, elementum eu, interdum eu, tincidunt in, leo.",806.351,fl oz
110,porta volutpat,Etiam pretium iaculis justo.,2157.894,fl oz
111,ipsum dolor sit,Vivamus vel nulla eget eros elementum pellentesque.,1593.914,oz
112,ante vivamus tortor duis mattis,Suspendisse potenti.,2761.034,L
113,donec diam neque vestibulum,Vivamus vestibulum sagittis sapien.,2920.394,L
114,magna,Pellentesque at nulla.,3765.742,L
115,id massa,"Mauris enim leo, rhoncus sed, vestibulum sit amet, cursus id, turpis.",533.244,oz
116,eget,Nulla nisl.,2606.952,oz
117,dui luctus rutrum nulla tellus in sagittis,Maecenas pulvinar lobortis est.,1959.54,fl oz
118,risus,"Cum sociis natoque penatibus et magnis dis parturient montes, nascetur ridiculus mus.",2566.477,fl oz
119,in est risus auctor sed tristique in,Sed ante.,4485.312,fl oz
120,lacus at turpis donec posuere metus,Duis aliquam convallis nunc.,2013.326,oz
121,suspendisse ornare consequat lectus in est risus,Vivamus in felis eu sapien cursus vestibulum.,4713.569,fl oz
122,curae nulla dapibus dolor,Fusce posuere felis sed lacus.,4261.2,fl oz
123,lacus curabitur,,1538.579,fl oz
124,viverra diam vitae,Sed accumsan felis.,4385.208,fl oz
125,in blandit ultrices enim lorem ipsum dolor,Nullam molestie nibh in lectus.,2008.969,fl oz
126,venenatis tristique fusce congue,Nulla suscipit ligula in lacus.,3336.412,g
127,in hac habitasse,Nullam varius.,2774.685,lbs
128,id pretium iaculis diam,Aliquam quis turpis eget elit sodales scelerisque.,923.408,fl oz
129,commodo vulputate justo in blandit ultrices enim,Nullam porttitor lacus at turpis.,770.374,fl oz
130,nulla elit ac,Nulla tellus.,3761.646,fl oz
131,curabitur at ipsum ac tellus,Curabitur convallis.,1666.996,g
132,eu sapien cursus,Aliquam non mauris.,4362.583,oz
133,mauris,Vestibulum ante ipsum primis in faucibus orci luctus et ultrices posuere cubilia Curae; Nulla dapibus dolor vel est.,2866.854,oz
134,sit amet eros suspendisse,Nullam sit amet turpis elementum ligula vehicula consequat.,3297.625,oz
135,aliquam lacus morbi quis tortor id,,727.089,L
136,tellus in sagittis dui,Nulla facilisi.,3937.812,fl oz
137,porttitor id consequat in consequat,In hac habitasse platea dictumst.,3502.597,fl oz
138,eget,"Nulla neque libero, convallis eget, eleifend luctus, ultricies eu, nibh.",1669.665,fl oz
139,nisl duis ac nibh fusce lacus purus,"Proin leo odio, porttitor id, consequat in, consequat ut, nulla.",4229.44,L
140,quis,Vestibulum ante ipsum primis in faucibus orci luctus et ultrices posuere cubilia Curae; Nulla dapibus dolor vel est.,2696.02,fl oz
141,est,Duis at velit eu est congue elementum.,94.199,fl oz
142,curae donec pharetra magna vestibulum aliquet ultrices,Nulla suscipit ligula in lacus.,4670.382,fl oz
143,amet turpis elementum ligula vehicula,"Maecenas leo odio, condimentum id, luctus nec, molestie sed, justo.",1768.296,fl oz
144,ac diam cras pellentesque volutpat,Morbi ut odio.,3975.498,L
145,nam,Vivamus in felis eu sapien cursus vestibulum.,838.001,oz
146,sagittis nam congue risus semper,Morbi porttitor lorem id ligula.,1481.236,L
147,maecenas leo odio,Integer ac leo.,4985.513,L
148,integer aliquet massa id lobortis,Duis at velit eu est congue elementum.,3579.257,oz
149,metus aenean fermentum donec,,2653.166,fl oz
150,posuere nonummy integer non velit donec,,2510.056,oz
151,elementum nullam varius nulla facilisi,Nunc purus.,1922.091,fl oz
152,ante ipsum primis in faucibus,"Donec diam neque, vestibulum eget, vulputate ut, ultrices vel, augue.",2580.365,fl oz
153,non pretium,Praesent blandit.,4386.519,oz
154,vitae,Vestibulum sed magna at nunc commodo placerat.,3152.839,oz
155,ultrices aliquet maecenas leo,Vestibulum ante ipsum primis in faucibus orci luctus et ultrices posuere cubilia Curae; Mauris viverra diam vitae quam.,248.724,kg
156,platea,Suspendisse potenti.,4596.359,fl oz
157,nunc purus,"Maecenas leo odio, condimentum id, luctus nec, molestie sed, justo.",3767.246,fl oz
158,integer non velit donec diam neque,Morbi a ipsum.,3776.889,fl oz
159,sapien urna pretium nisl ut volutpat,,470.36,fl oz
160,orci luctus,"Lorem ipsum dolor sit amet, consectetuer adipiscing elit.",663.302,fl oz
161,porttitor id consequat in consequat,"Cum sociis natoque penatibus et magnis dis parturient montes, nascetur ridiculus mus.",658.774,kg
162,vulputate ut ultrices vel,,2597.736,fl oz
163,fermentum justo nec condimentum neque,,3010.711,oz
164,condimentum,Vestibulum ante ipsum primis in faucibus orci luctus et ultrices posuere cubilia Curae; Mauris viverra diam vitae quam.,3720.015,fl oz
165,bibendum morbi non quam nec dui luctus,In hac habitasse platea dictumst.,791.548,kg
166,massa volutpat convallis morbi odio odio,Donec posuere metus vitae ipsum.,2952.737,oz
167,sapien urna pretium nisl,Mauris lacinia sapien quis libero.,1351.115,fl oz
168,sapien a libero nam dui proin leo,"Quisque erat eros, viverra eget, congue eget, semper rutrum, nulla.",2082.85,L
169,id,Aenean lectus.,1526.877,fl oz
170,nisi vulputate nonummy,"Lorem ipsum dolor sit amet, consectetuer adipiscing elit.",2910.216,oz
171,felis ut at dolor quis odio consequat,Integer tincidunt ante vel ipsum.,1231.912,fl oz
172,duis faucibus accumsan odio,"Cum sociis natoque penatibus et magnis dis parturient montes, nascetur ridiculus mus.",2545.445,kg
173,integer,"Cras mi pede, malesuada in, imperdiet et, commodo vulputate, justo.",2364.403,fl oz
174,ut tellus nulla ut erat id,Etiam justo.,498.07,oz
175,lacus at turpis donec posuere metus,Aenean fermentum.,4795.29,kg
176,nisi nam ultrices libero non mattis pulvinar,Vivamus vel nulla eget eros elementum pellentesque.,1749.704,fl oz
177,lacus at turpis donec posuere metus vitae,"Vestibulum ante ipsum primis in faucibus orci luctus et ultrices posuere cubilia Curae; Donec pharetra, magna vestibulum aliquet ultrices, erat tortor sollicitudin mi, sit amet lobortis sapien sapien non mi.",4938.489,fl oz
178,lorem vitae mattis,Curabitur gravida nisi at nibh.,1493.232,L
179,lacus,Aenean fermentum.,3828.324,lbs
180,sollicitudin,Sed ante.,88.593,fl oz
181,ac,Maecenas rhoncus aliquam lacus.,3723.131,kg
182,in,,1862.049,g
183,ac lobortis vel dapibus at diam nam,"Morbi vestibulum, velit id pretium iaculis, diam erat fermentum justo, nec condimentum neque sapien placerat ante.",2013.432,fl oz
184,nulla integer pede justo lacinia,Vivamus tortor.,4214.199,m
185,hac,"Vivamus metus arcu, adipiscing molestie, hendrerit at, vulputate vitae, nisl.",1922.946,fl oz
186,in hac habitasse platea dictumst aliquam,Aliquam sit amet diam in magna bibendum imperdiet.,3587.461,oz
187,vestibulum sagittis sapien cum sociis natoque penatibus,Duis aliquam convallis nunc.,4908.601,fl oz
188,vitae mattis nibh,Donec posuere metus vitae ipsum.,1707.476,oz
189,purus,,3007.643,kg
190,a libero nam dui proin leo odio,Etiam pretium iaculis justo.,4375.585,fl oz
191,consequat,Sed ante.,1573.305,oz
192,ornare,"Donec odio justo, sollicitudin ut, suscipit a, feugiat et, eros.",2800.228,oz
193,donec ut mauris,In hac habitasse platea dictumst.,2839.318,L
194,vel augue vestibulum rutrum rutrum neque aenean,"Lorem ipsum dolor sit amet, consectetuer adipiscing elit.",4018.052,g
195,molestie sed justo,Vestibulum ac est lacinia nisi venenatis tristique.,2000.183,oz
196,lobortis ligula sit amet,Nullam molestie nibh in lectus.,4782.646,fl oz
197,nisi vulputate nonummy maecenas tincidunt lacus,Nunc rhoncus dui vel sem.,1185.163,oz
198,duis ac,Aenean sit amet justo.,671.332,kg
199,morbi non,Integer ac neque.,3756.264,oz
200,cubilia curae,Morbi vel lectus in quam fringilla rhoncus.,1371.683,fl oz
201,nec condimentum neque sapien placerat,Donec dapibus.,3463.897,fl oz
202,mauris eget massa,Donec quis orci eget orci vehicula condimentum.,1532.858,fl oz
203,augue aliquam erat volutpat in congue etiam,In quis justo.,849.684,fl oz
204,donec,"In tempor, turpis nec euismod scelerisque, quam turpis adipiscing lorem, vitae mattis nibh ligula nec sem.",3292.064,L
205,congue diam id ornare imperdiet sapien urna,"Cum sociis natoque penatibus et magnis dis parturient montes, nascetur ridiculus mus.",2348.006,fl oz
206,sed tristique in tempus,Maecenas tincidunt lacus at velit.,3170.394,oz
207,consequat metus sapien ut nunc vestibulum ante,In blandit ultrices enim.,4327.767,L
208,diam nam,Fusce consequat.,3224.983,oz
209,lobortis est phasellus sit,Phasellus in felis.,3488.143,fl oz
210,aenean auctor gravida sem praesent,"Morbi sem mauris, laoreet ut, rhoncus aliquet, pulvinar sed, nisl.",1218.699,fl oz
211,nam congue risus semper porta,"Quisque arcu libero, rutrum ac, lobortis vel, dapibus at, diam.",2130.234,oz
212,sit amet sem,Nullam molestie nibh in lectus.,2008.373,g
213,placerat praesent blandit,Nam dui.,4493.3,fl oz
214,rhoncus sed vestibulum sit amet,,4885.77,L
215,non mattis pulvinar nulla pede ullamcorper,"Lorem ipsum dolor sit amet, consectetuer adipiscing elit.",2135.315,fl oz
216,lorem ipsum dolor sit amet consectetuer adipiscing,Quisque porta volutpat erat.,626.143,oz
217,justo lacinia eget,Proin eu mi.,2921.454,oz
218,non,Integer tincidunt ante vel ipsum.,3863.964,oz
219,nunc,"Aliquam augue quam, sollicitudin vitae, consectetuer eget, rutrum at, lorem.",3271.425,fl oz
220,enim in tempor turpis nec euismod scelerisque,"Morbi odio odio, elementum eu, interdum eu, tincidunt in, leo.",332.14,fl oz
221,nullam sit amet turpis elementum ligula,,3059.179,fl oz
222,dapibus at diam,"Nullam orci pede, venenatis non, sodales sed, tincidunt eu, felis.",3931.948,fl oz
223,pellentesque quisque porta volutpat erat,"Morbi odio odio, elementum eu, interdum eu, tincidunt in, leo.",1282.388,L
224,volutpat dui,,4756.806,lbs
225,aenean fermentum,Curabitur in libero ut massa volutpat convallis.,4986.133,fl oz
226,massa quis augue luctus,Donec semper sapien a libero.,3137.075,fl oz
227,justo,,3229.693,L
228,ac lobortis vel dapibus at,"Mauris enim leo, rhoncus sed, vestibulum sit amet, cursus id, turpis.",4280.443,g
229,maecenas,Donec dapibus.,215.376,fl oz
230,sit amet sapien dignissim,In hac habitasse platea dictumst.,3269.593,oz
231,ultrices posuere,"Mauris enim leo, rhoncus sed, vestibulum sit amet, cursus id, turpis.",2965.643,fl oz
232,nisi volutpat eleifend,Morbi non lectus.,1686.82,fl oz
233,quis libero nullam sit amet turpis,Maecenas rhoncus aliquam lacus.,852.396,fl oz
234,leo pellentesque ultrices mattis odio donec vitae,"Lorem ipsum dolor sit amet, consectetuer adipiscing elit.",1572.62,oz
235,ut odio cras mi pede,Praesent blandit.,11.792,fl oz
236,dictumst maecenas ut massa quis augue,Proin risus.,4526.686,oz
237,eget elit sodales scelerisque mauris sit amet,Cras non velit nec nisi vulputate nonummy.,4716.488,fl oz
238,pellentesque eget nunc,,1187.802,L
239,a libero nam dui,Donec posuere metus vitae ipsum.,2222.204,fl oz
240,potenti in eleifend quam a odio in,Vestibulum ante ipsum primis in faucibus orci luctus et ultrices posuere cubilia Curae; Mauris viverra diam vitae quam.,1649.848,fl oz
241,sagittis nam congue risus semper porta volutpat,"Maecenas tristique, est et tempus semper, est quam pharetra magna, ac consequat metus sapien ut nunc.",765.756,lbs
242,at vulputate vitae nisl,Aenean sit amet justo.,1845.17,fl oz
243,a ipsum,Maecenas pulvinar lobortis est.,1799.524,L
244,in lectus pellentesque at nulla suspendisse potenti,Maecenas tincidunt lacus at velit.,815.912,fl oz
245,sed,Nulla nisl.,1388.015,fl oz
246,sapien a,Phasellus in felis.,1778.978,fl oz
247,interdum venenatis turpis,Proin interdum mauris non ligula pellentesque ultrices.,665.052,fl oz
248,vestibulum sit amet,Duis consequat dui nec nisi volutpat eleifend.,4447.673,oz
249,nec nisi volutpat eleifend,Nulla suscipit ligula in lacus.,2582.573,m^3
250,luctus cum sociis natoque penatibus et,Vivamus vel nulla eget eros elementum pellentesque.,3817.483,fl oz
251,sagittis nam congue risus semper porta volutpat,Duis ac nibh.,687.627,fl oz
252,commodo placerat praesent blandit nam nulla,Sed accumsan felis.,845.207,fl oz
253,congue elementum in hac,Curabitur in libero ut massa volutpat convallis.,177.562,fl oz
254,amet lobortis sapien sapien non mi,In congue.,2095.291,fl oz
255,sit amet turpis elementum,"Donec diam neque, vestibulum eget, vulputate ut, ultrices vel, augue.",1487.326,g
256,proin interdum,Donec semper sapien a libero.,4096.804,oz
257,quisque ut erat,"Nullam orci pede, venenatis non, sodales sed, tincidunt eu, felis.",652.361,fl oz
258,nisl ut volutpat sapien,Sed vel enim sit amet nunc viverra dapibus.,3745.725,g
259,consectetuer adipiscing,Pellentesque viverra pede ac diam.,2991.291,oz
260,viverra,Curabitur in libero ut massa volutpat convallis.,24.824,fl oz
261,vestibulum vestibulum,Nullam sit amet turpis elementum ligula vehicula consequat.,4911.428,kg
262,pellentesque ultrices mattis odio donec,,1922.454,oz
263,in tempor turpis nec euismod scelerisque,In blandit ultrices enim.,493.275,fl oz
264,ligula nec sem duis,Mauris lacinia sapien quis libero.,2840.357,fl oz
265,augue vestibulum ante ipsum,Aenean fermentum.,4898.55,L
266,commodo vulputate justo,Duis mattis egestas metus.,4841.771,oz
267,leo,"Quisque arcu libero, rutrum ac, lobortis vel, dapibus at, diam.",2053.054,fl oz
268,ac nulla sed vel enim,"Nullam orci pede, venenatis non, sodales sed, tincidunt eu, felis.",211.198,kg
269,nulla sed,"Morbi odio odio, elementum eu, interdum eu, tincidunt in, leo.",3692.001,oz
270,interdum mauris ullamcorper,Aliquam quis turpis eget elit sodales scelerisque.,633.826,L
271,tempor turpis,Cras in purus eu magna vulputate luctus.,3868.416,fl oz
272,a feugiat,Duis ac nibh.,4087.025,oz
273,at,In hac habitasse platea dictumst.,1071.66,oz
274,ligula sit amet eleifend,Nulla facilisi.,494.518,oz
275,velit nec nisi,"Cum sociis natoque penatibus et magnis dis parturient montes, nascetur ridiculus mus.",2762.205,oz
276,nulla integer pede justo lacinia eget,Aenean fermentum.,2047.756,L
277,risus semper,Maecenas ut massa quis augue luctus tincidunt.,1362.047,oz
278,etiam vel augue vestibulum rutrum rutrum neque,,3169.152,fl oz
279,pede libero quis orci nullam,Aenean auctor gravida sem.,4802.348,fl oz
280,nascetur ridiculus mus,In hac habitasse platea dictumst.,1592.339,oz
281,in lacus curabitur at ipsum ac tellus,Aliquam erat volutpat.,4649.769,fl oz
282,luctus et ultrices,,1953.451,kg
283,velit id,,197.833,fl oz
284,elit sodales scelerisque mauris sit amet eros,Pellentesque at nulla.,4572.48,oz
285,congue eget semper rutrum nulla nunc purus,In eleifend quam a odio.,337.866,fl oz
286,odio consequat varius integer ac leo pellentesque,Maecenas rhoncus aliquam lacus.,3774.106,fl oz
287,ut blandit non,Nulla ac enim.,3801.973,oz
288,fusce congue diam,Nulla nisl.,4174.087,oz
289,amet erat nulla tempus vivamus in felis,In blandit ultrices enim.,4349.411,fl oz
290,dui,Etiam vel augue.,2627.217,fl oz
291,faucibus,Aenean fermentum.,3050.917,lbs
292,vehicula condimentum curabitur,Maecenas rhoncus aliquam lacus.,4757.236,m^3
293,augue vestibulum rutrum rutrum neque aenean,Integer a nibh.,3123.022,L
294,lectus in quam fringilla rhoncus mauris enim,Maecenas ut massa quis augue luctus tincidunt.,2588.86,oz
295,ut nunc vestibulum ante ipsum primis,Aenean sit amet justo.,3220.766,g
296,magnis dis parturient,"Aliquam augue quam, sollicitudin vitae, consectetuer eget, rutrum at, lorem.",4185.503,g
297,magnis dis parturient montes nascetur ridiculus,"Aliquam augue quam, sollicitudin vitae, consectetuer eget, rutrum at, lorem.",4314.657,fl oz
298,nam ultrices libero non mattis pulvinar nulla,"Nulla neque libero, convallis eget, eleifend luctus, ultricies eu, nibh.",2238.727,fl oz
299,ut dolor morbi vel lectus in quam,Morbi a ipsum.,4403.411,fl oz
300,nibh,Donec vitae nisi.,4699.453,kg
301,imperdiet nullam,Fusce posuere felis sed lacus.,2472.006,L
302,in,Nullam sit amet turpis elementum ligula vehicula consequat.,2356.647,oz
303,lacus morbi sem mauris laoreet,Nam nulla.,2146.119,oz
304,in,In blandit ultrices enim.,4689.942,L
305,mi nulla ac enim in tempor,"Maecenas tristique, est et tempus semper, est quam pharetra magna, ac consequat metus sapien ut nunc.",1183.946,fl oz
306,sapien iaculis,Nam dui.,2334.651,fl oz
307,sed nisl nunc rhoncus dui vel sem,Suspendisse potenti.,2421.657,oz
308,lobortis convallis tortor risus dapibus augue vel,Praesent blandit lacinia erat.,4717.418,oz
309,ut suscipit a feugiat et,"Integer aliquet, massa id lobortis convallis, tortor risus dapibus augue, vel accumsan tellus nisi eu orci.",4713.232,L
310,luctus rutrum nulla tellus,Pellentesque viverra pede ac diam.,1704.95,oz
311,proin interdum mauris non ligula,"Duis bibendum, felis sed interdum venenatis, turpis enim blandit mi, in porttitor pede justo eu massa.",3660.006,fl oz
312,in felis donec,Maecenas ut massa quis augue luctus tincidunt.,4902.0,L
313,volutpat,Sed sagittis.,4831.399,fl oz
314,ornare imperdiet sapien urna pretium nisl ut,Suspendisse ornare consequat lectus.,215.649,fl oz
315,nisi vulputate nonummy maecenas tincidunt lacus at,Vivamus vel nulla eget eros elementum pellentesque.,4654.624,fl oz
316,semper,"Quisque arcu libero, rutrum ac, lobortis vel, dapibus at, diam.",1217.4,fl oz
317,ut ultrices vel,Integer ac leo.,1791.249,fl oz
318,erat fermentum justo nec condimentum,,37.464,fl oz
319,orci vehicula condimentum,Duis at velit eu est congue elementum.,352.874,oz
320,amet nunc,Donec dapibus.,520.93,fl oz
321,venenatis tristique fusce congue diam id,Aliquam erat volutpat.,2268.18,fl oz
322,nisi venenatis tristique fusce,Nulla nisl.,4939.37,fl oz
323,blandit nam,Pellentesque ultrices mattis odio.,3814.789,oz
324,nam nulla integer pede justo,,2278.818,L
325,blandit nam nulla,Curabitur gravida nisi at nibh.,2914.9,fl oz
326,posuere metus vitae ipsum,Phasellus in felis.,2049.511,oz
327,sapien arcu sed augue,Curabitur at ipsum ac tellus semper interdum.,2780.318,fl oz
328,gravida sem praesent,Suspendisse ornare consequat lectus.,3363.447,oz
329,cras non velit nec nisi,Vivamus vestibulum sagittis sapien.,1922.699,oz
330,tincidunt lacus at velit vivamus,Duis ac nibh.,4036.069,fl oz
331,et ultrices posuere cubilia curae,Morbi vel lectus in quam fringilla rhoncus.,4911.069,kg
332,id,Etiam vel augue.,2882.309,oz
333,donec diam neque vestibulum eget vulputate ut,Donec posuere metus vitae ipsum.,4125.318,fl oz
334,primis in faucibus orci,"In est risus, auctor sed, tristique in, tempus sit amet, sem.",3376.444,kg
335,id consequat in consequat ut,,4991.849,L
336,neque,Nam tristique tortor eu pede.,446.153,oz
337,phasellus,Mauris ullamcorper purus sit amet nulla.,4338.608,fl oz
338,faucibus orci luctus et ultrices posuere,Etiam pretium iaculis justo.,1638.876,fl oz
339,vivamus vel nulla eget eros,Donec ut dolor.,4043.256,fl oz
340,risus,Suspendisse ornare consequat lectus.,4074.082,fl oz
341,ultrices,Fusce consequat.,1798.016,fl oz
342,ante nulla justo aliquam quis turpis,Vestibulum sed magna at nunc commodo placerat.,3820.044,kg
343,vestibulum eget vulputate ut,"Quisque erat eros, viverra eget, congue eget, semper rutrum, nulla.",414.138,fl oz
344,lobortis ligula,Duis bibendum.,1115.079,oz
345,nibh fusce,"Vestibulum quam sapien, varius ut, blandit non, interdum in, ante.",2869.073,oz
346,quis orci nullam molestie,Nulla facilisi.,2198.048,L
347,vulputate ut,Praesent blandit lacinia erat.,3147.33,oz
348,aenean lectus pellentesque eget nunc,Duis mattis egestas metus.,4360.434,fl oz
349,nascetur ridiculus,Donec semper sapien a libero.,1787.374,fl oz
350,amet sem fusce consequat nulla nisl nunc,,4901.264,fl oz
351,ipsum primis in faucibus orci luctus,Aenean sit amet justo.,860.718,fl oz
352,amet turpis elementum ligula vehicula,Pellentesque ultrices mattis odio.,1204.727,oz
353,est congue,"Fusce congue, diam id ornare imperdiet, sapien urna pretium nisl, ut volutpat sapien arcu sed augue.",2977.601,kg
354,luctus et ultrices posuere cubilia curae,Pellentesque eget nunc.,1172.788,fl oz
355,porta volutpat quam pede lobortis,Donec ut dolor.,4421.298,oz
356,at turpis donec posuere metus vitae,Cras pellentesque volutpat dui.,1874.08,fl oz
357,id justo sit,Fusce posuere felis sed lacus.,277.124,m
358,magna at nunc commodo placerat,In hac habitasse platea dictumst.,1308.578,fl oz
359,viverra eget,Vivamus tortor.,4653.355,lbs
360,aliquam sit amet diam in,Duis at velit eu est congue elementum.,147.541,fl oz
361,vel sem sed sagittis nam,Nullam molestie nibh in lectus.,4890.885,kg
362,phasellus sit amet,In hac habitasse platea dictumst.,3578.254,lbs
363,in felis eu sapien cursus,Nulla nisl.,3841.288,fl oz
364,purus aliquet at feugiat,Sed accumsan felis.,1748.71,m^3
365,pretium quis,Phasellus in felis.,4498.094,fl oz
366,amet nulla quisque arcu,,2164.803,fl oz
367,diam id ornare imperdiet sapien urna,Ut tellus.,3467.011,fl oz
368,morbi a ipsum integer a,,1844.895,fl oz
369,lectus vestibulum,Morbi porttitor lorem id ligula.,653.55,fl oz
370,orci eget orci,Quisque porta volutpat erat.,3943.016,fl oz
371,accumsan tortor quis turpis,"Vestibulum quam sapien, varius ut, blandit non, interdum in, ante.",4022.716,fl oz
372,vel nulla eget eros elementum,Duis bibendum.,1837.595,lbs
373,elementum nullam varius nulla facilisi cras,Curabitur convallis.,2411.551,kg
374,tellus nisi eu orci,Sed vel enim sit amet nunc viverra dapibus.,3834.717,oz
375,diam neque vestibulum eget vulputate,Nulla ut erat id mauris vulputate elementum.,3710.427,oz
376,lobortis sapien sapien non mi,Vestibulum ac est lacinia nisi venenatis tristique.,2098.515,fl oz
377,lorem ipsum dolor sit amet consectetuer adipiscing,Proin eu mi.,4460.222,fl oz
378,massa id nisl venenatis lacinia aenean,Quisque id justo sit amet sapien dignissim vestibulum.,1823.362,fl oz
379,amet diam in magna bibendum imperdiet nullam,,615.61,L
380,hac habitasse platea dictumst aliquam augue quam,Integer tincidunt ante vel ipsum.,4423.901,oz
381,tristique fusce congue diam id ornare,"Proin leo odio, porttitor id, consequat in, consequat ut, nulla.",3301.961,fl oz
382,donec semper sapien,In hac habitasse platea dictumst.,522.522,L
383,ipsum,Praesent blandit lacinia erat.,4350.022,L
384,metus aenean fermentum donec ut mauris eget,Integer non velit.,3783.569,fl oz
385,diam neque vestibulum eget vulputate,Integer non velit.,3577.092,fl oz
386,consequat dui,Integer tincidunt ante vel ipsum.,1619.954,fl oz
387,venenatis lacinia aenean,,4717.783,kg
388,non,Mauris lacinia sapien quis libero.,1085.949,g
389,erat volutpat in congue etiam justo,"Nullam orci pede, venenatis non, sodales sed, tincidunt eu, felis.",1107.589,fl oz
390,tortor duis mattis egestas metus aenean,Suspendisse potenti.,4593.454,L
391,id luctus nec molestie sed justo pellentesque,Vestibulum ante ipsum primis in faucibus orci luctus et ultrices posuere cubilia Curae; Nulla dapibus dolor vel est.,177.199,L
392,posuere felis sed lacus morbi,Fusce posuere felis sed lacus.,2333.461,fl oz
393,hendrerit at,Duis ac nibh.,4357.589,fl oz
394,erat,Praesent blandit lacinia erat.,4131.548,fl oz
395,sem fusce,Integer ac neque.,3292.383,L
396,rutrum nulla nunc,Nam tristique tortor eu pede.,2303.492,oz
397,hendrerit at vulputate vitae nisl,Nulla mollis molestie lorem.,533.743,fl oz
398,lectus pellentesque at nulla,Nullam varius.,1692.239,L
399,lectus pellentesque eget,Morbi non quam nec dui luctus rutrum.,3866.324,L
400,non,In eleifend quam a odio.,3178.129,fl oz
401,metus aenean fermentum,Nunc purus.,2481.371,fl oz
402,vel nisl duis ac nibh fusce lacus,Donec vitae nisi.,4998.459,L
403,praesent blandit lacinia erat vestibulum sed magna,Aenean lectus.,3986.723,oz
404,donec vitae nisi nam ultrices libero,In hac habitasse platea dictumst.,3949.058,fl oz
405,hac habitasse platea dictumst etiam faucibus,In hac habitasse platea dictumst.,86.938,L
406,in lectus pellentesque at nulla,Sed ante.,1940.514,oz
407,tortor quis turpis sed,"Donec odio justo, sollicitudin ut, suscipit a, feugiat et, eros.",4477.016,L
408,vestibulum ante ipsum primis,Donec ut mauris eget massa tempor convallis.,757.316,oz
409,maecenas ut,In quis justo.,74.616,fl oz
410,massa,Curabitur convallis.,830.658,oz
411,quam,Pellentesque at nulla.,2381.39,fl oz
412,lacus curabitur at ipsum ac tellus,Maecenas rhoncus aliquam lacus.,4815.832,fl oz
413,curabitur in,Morbi vel lectus in quam fringilla rhoncus.,952.518,fl oz
414,luctus et ultrices posuere cubilia curae donec,Vestibulum ante ipsum primis in faucibus orci luctus et ultrices posuere cubilia Curae; Duis faucibus accumsan odio.,4756.23,fl oz
415,diam neque vestibulum eget vulputate ut,"Cum sociis natoque penatibus et magnis dis parturient montes, nascetur ridiculus mus.",3883.939,fl oz
416,malesuada in imperdiet,"Fusce congue, diam id ornare imperdiet, sapien urna pretium nisl, ut volutpat sapien arcu sed augue.",136.31,fl oz
417,phasellus id sapien in,Mauris sit amet eros.,4334.077,fl oz
418,sed tristique in tempus sit,Praesent lectus.,4483.19,fl oz
419,ipsum dolor sit amet consectetuer adipiscing elit,Nunc rhoncus dui vel sem.,1466.995,oz
420,pellentesque ultrices mattis,Curabitur in libero ut massa volutpat convallis.,1246.792,fl oz
421,sed lacus morbi sem mauris laoreet ut,Integer a nibh.,4924.682,oz
422,aenean sit amet justo morbi ut odio,Etiam pretium iaculis justo.,280.263,oz
423,amet erat nulla,,2736.516,L
424,viverra dapibus nulla suscipit ligula in lacus,"Morbi vestibulum, velit id pretium iaculis, diam erat fermentum justo, nec condimentum neque sapien placerat ante.",4618.195,fl oz
425,luctus nec molestie sed justo,Praesent blandit.,1088.149,oz
426,quis orci nullam molestie,"Lorem ipsum dolor sit amet, consectetuer adipiscing elit.",2396.067,L
427,nisi at nibh in hac habitasse platea,In quis justo.,1964.123,fl oz
428,at vulputate vitae nisl aenean lectus,Nulla nisl.,4180.307,oz
429,ut blandit non interdum in ante vestibulum,"Aliquam augue quam, sollicitudin vitae, consectetuer eget, rutrum at, lorem.",1997.513,oz
430,semper interdum mauris ullamcorper purus,Nulla tellus.,3045.7,fl oz
431,velit donec diam neque vestibulum eget,Phasellus sit amet erat.,2614.779,fl oz
432,non velit donec diam neque vestibulum,Donec ut mauris eget massa tempor convallis.,379.756,oz
433,congue elementum in hac,Morbi non lectus.,1642.196,oz
434,vivamus vel,Vivamus vel nulla eget eros elementum pellentesque.,4536.787,m^2
435,magnis dis parturient,Donec posuere metus vitae ipsum.,335.173,fl oz
436,vehicula,Nullam porttitor lacus at turpis.,1843.697,lbs
437,libero non mattis,Vivamus tortor.,3890.918,oz
438,eget tempus vel,Nullam varius.,2967.19,fl oz
439,eleifend luctus,"Nam congue, risus semper porta volutpat, quam pede lobortis ligula, sit amet eleifend pede libero quis orci.",1110.549,fl oz
440,nulla pede ullamcorper augue,Pellentesque ultrices mattis odio.,2266.784,fl oz
441,praesent lectus vestibulum quam sapien varius ut,Nunc purus.,2698.837,fl oz
442,at dolor,Nulla facilisi.,3448.116,oz
443,in sapien iaculis congue vivamus,Suspendisse potenti.,3853.532,oz
444,eleifend donec ut dolor,Donec quis orci eget orci vehicula condimentum.,2368.804,oz
445,sit amet,,1356.599,fl oz
446,ligula,Aenean sit amet justo.,4139.107,fl oz
447,donec dapibus duis at velit eu est,Etiam faucibus cursus urna.,1233.017,oz
448,tincidunt eget tempus,Nunc rhoncus dui vel sem.,1164.463,fl oz
449,porttitor lorem id ligula suspendisse,,1204.05,fl oz
450,orci,In hac habitasse platea dictumst.,701.097,oz
451,molestie sed justo pellentesque viverra pede ac,Aliquam quis turpis eget elit sodales scelerisque.,4450.519,oz
452,turpis adipiscing,Praesent lectus.,4048.174,fl oz
453,pellentesque eget,Suspendisse ornare consequat lectus.,920.713,fl oz
454,et commodo vulputate justo in blandit ultrices,Aenean fermentum.,448.608,fl oz
455,nulla nunc purus phasellus in felis donec,Nullam sit amet turpis elementum ligula vehicula consequat.,1285.986,lbs
456,quisque id justo sit amet,Sed sagittis.,4927.475,oz
457,suspendisse potenti nullam,"Vestibulum ante ipsum primis in faucibus orci luctus et ultrices posuere cubilia Curae; Donec pharetra, magna vestibulum aliquet ultrices, erat tortor sollicitudin mi, sit amet lobortis sapien sapien non mi.",2547.417,fl oz
458,sit amet consectetuer adipiscing elit,"Nulla neque libero, convallis eget, eleifend luctus, ultricies eu, nibh.",608.284,fl oz
459,elementum ligula,Morbi vel lectus in quam fringilla rhoncus.,2011.666,fl oz
460,et ultrices,Vestibulum ac est lacinia nisi venenatis tristique.,1671.062,oz
461,rutrum nulla nunc purus phasellus,In hac habitasse platea dictumst.,1525.142,fl oz
462,lorem integer tincidunt ante,Aliquam non mauris.,3995.896,fl oz
463,at dolor quis odio consequat,,4288.228,oz
464,turpis a pede,Maecenas ut massa quis augue luctus tincidunt.,3237.278,oz
465,semper est quam pharetra magna,Vestibulum sed magna at nunc commodo placerat.,2723.4,L
466,justo aliquam quis turpis,,1850.87,L
467,eget semper,"Morbi vestibulum, velit id pretium iaculis, diam erat fermentum justo, nec condimentum neque sapien placerat ante.",322.799,fl oz
468,pede ac diam cras,Praesent id massa id nisl venenatis lacinia.,3776.198,fl oz
469,mattis pulvinar nulla,Morbi non quam nec dui luctus rutrum.,1980.073,oz
470,lacus morbi,Ut at dolor quis odio consequat varius.,3848.543,L
471,tristique,In hac habitasse platea dictumst.,3188.196,oz
472,elit proin risus praesent,Cras in purus eu magna vulputate luctus.,2.78,oz
473,luctus et ultrices posuere,,4034.059,fl oz
474,sociis natoque,Nunc nisl.,26.594,fl oz
475,nunc purus phasellus in felis,Aliquam quis turpis eget elit sodales scelerisque.,447.633,oz
476,venenatis non sodales sed tincidunt,,3726.419,fl oz
477,vel pede morbi porttitor lorem,Nam tristique tortor eu pede.,2949.605,L
478,vel augue vestibulum rutrum,Aliquam quis turpis eget elit sodales scelerisque.,576.374,fl oz
479,penatibus et magnis dis,Nunc rhoncus dui vel sem.,4350.174,oz
480,sapien dignissim vestibulum vestibulum,Curabitur in libero ut massa volutpat convallis.,2330.359,m^3
481,sed vestibulum sit amet cursus id,,1540.791,L
482,sollicitudin mi sit,Nulla justo.,3893.985,oz
483,mattis egestas metus aenean,"Morbi vestibulum, velit id pretium iaculis, diam erat fermentum justo, nec condimentum neque sapien placerat ante.",1467.76,g
484,bibendum morbi non,Nam nulla.,3880.085,L
485,dapibus at diam nam tristique,Suspendisse potenti.,2989.777,fl oz
486,cubilia curae donec pharetra,Suspendisse accumsan tortor quis turpis.,2514.681,L
487,ut volutpat sapien arcu sed,Mauris ullamcorper purus sit amet nulla.,3927.641,oz
488,tristique est et,Suspendisse accumsan tortor quis turpis.,1858.822,fl oz
489,nunc,Aliquam erat volutpat.,4789.845,fl oz
490,quisque ut,Nam nulla.,4867.633,oz
491,pede justo,Duis at velit eu est congue elementum.,2531.412,L
492,fringilla rhoncus,,3048.893,lbs
493,augue vel accumsan,Nulla justo.,1212.127,L
494,ut massa volutpat convallis morbi,Suspendisse potenti.,952.081,fl oz
495,nulla facilisi cras non,Proin eu mi.,2841.939,fl oz
496,sem duis aliquam,Donec ut dolor.,1240.622,g
497,tincidunt eget,Pellentesque viverra pede ac diam.,2086.626,fl oz
498,erat vestibulum sed magna,In hac habitasse platea dictumst.,2458.981,lbs
499,interdum mauris,Pellentesque viverra pede ac diam.,3292.339,g
500,proin risus praesent,"Lorem ipsum dolor sit amet, consectetuer adipiscing elit.",4960.968,oz
501,nisi,Quisque ut erat.,4640.391,fl oz
502,dignissim vestibulum vestibulum ante ipsum,,542.568,fl oz
503,ultricies eu nibh quisque id justo,Quisque ut erat.,1365.94,L
504,platea dictumst etiam faucibus cursus urna ut,"Lorem ipsum dolor sit amet, consectetuer adipiscing elit.",2566.834,fl oz
505,tristique est et tempus semper est quam,In quis justo.,2448.41,L
506,massa,Aenean auctor gravida sem.,375.178,fl oz
507,id nisl,Donec ut dolor.,4959.805,fl oz
508,congue diam id ornare imperdiet sapien,Donec semper sapien a libero.,4873.441,fl oz
509,id lobortis convallis tortor risus dapibus,Donec semper sapien a libero.,305.481,oz
510,in,Maecenas ut massa quis augue luctus tincidunt.,174.78,fl oz
511,in lacus curabitur,Sed ante.,4998.601,fl oz
512,vivamus metus arcu,,4560.86,fl oz
513,turpis integer aliquet massa id lobortis,Nulla ac enim.,1888.66,L
514,purus aliquet at feugiat non,Proin interdum mauris non ligula pellentesque ultrices.,2117.639,L
515,risus dapibus augue vel accumsan tellus,Fusce posuere felis sed lacus.,2829.008,kg
516,non mattis pulvinar nulla,,1398.301,fl oz
517,nulla nisl nunc nisl,Integer non velit.,139.183,oz
518,platea dictumst,Sed ante.,2340.088,oz
519,quis augue,Suspendisse potenti.,777.332,kg
520,id nisl venenatis lacinia aenean,,3675.152,fl oz
521,aliquet maecenas leo odio condimentum,,2916.463,fl oz
522,molestie lorem quisque ut erat,Maecenas tincidunt lacus at velit.,2766.466,fl oz
523,eget,Integer ac leo.,3011.293,fl oz
524,tincidunt eu felis fusce posuere felis,Vivamus vestibulum sagittis sapien.,3285.868,oz
525,vel enim,Nullam sit amet turpis elementum ligula vehicula consequat.,4870.905,fl oz
526,turpis integer aliquet massa id lobortis convallis,Vestibulum rutrum rutrum neque.,3923.749,fl oz
527,pretium iaculis justo,Vestibulum ante ipsum primis in faucibus orci luctus et ultrices posuere cubilia Curae; Mauris viverra diam vitae quam.,4228.552,L
528,curabitur gravida nisi at nibh in,Proin risus.,2664.931,fl oz
529,quam fringilla rhoncus mauris enim leo,Integer tincidunt ante vel ipsum.,1539.347,fl oz
530,morbi quis tortor id,"Maecenas leo odio, condimentum id, luctus nec, molestie sed, justo.",2773.995,oz
531,rutrum at lorem integer tincidunt ante,"Nam congue, risus semper porta volutpat, quam pede lobortis ligula, sit amet eleifend pede libero quis orci.",1677.803,m^3
532,elit ac nulla sed vel enim sit,Vivamus tortor.,3957.301,oz
533,consequat ut nulla,Vestibulum ante ipsum primis in faucibus orci luctus et ultrices posuere cubilia Curae; Nulla dapibus dolor vel est.,4149.476,m^3
534,tempor turpis nec euismod scelerisque quam turpis,,721.369,kg
535,metus aenean fermentum,"Donec odio justo, sollicitudin ut, suscipit a, feugiat et, eros.",1671.751,fl oz
536,volutpat eleifend donec ut dolor morbi,Duis at velit eu est congue elementum.,2359.743,kg
537,eu est congue elementum,Morbi ut odio.,4338.658,fl oz
538,id justo sit amet,In hac habitasse platea dictumst.,1721.314,fl oz
539,nullam varius nulla facilisi cras,Aenean lectus.,4195.606,fl oz
540,non sodales sed tincidunt,Donec ut dolor.,999.135,oz
541,enim blandit mi,Integer ac neque.,2545.859,fl oz
542,integer tincidunt ante,In hac habitasse platea dictumst.,1709.112,oz
543,rutrum nulla,Morbi vel lectus in quam fringilla rhoncus.,1014.765,fl oz
544,imperdiet sapien urna pretium nisl ut,Mauris sit amet eros.,1167.214,fl oz
545,posuere cubilia curae,Suspendisse potenti.,743.181,fl oz
546,vivamus tortor duis mattis egestas metus,Donec ut mauris eget massa tempor convallis.,3555.659,fl oz
547,blandit non,Nam nulla.,3521.51,oz
548,quam a odio,Phasellus id sapien in sapien iaculis congue.,3966.885,fl oz
549,odio cras,,806.632,oz
550,rutrum ac lobortis vel dapibus at diam,Donec posuere metus vitae ipsum.,4099.416,L
551,a libero nam dui proin leo,Etiam faucibus cursus urna.,4100.691,fl oz
552,non mi integer,Nulla facilisi.,1424.395,oz
553,magnis,Donec vitae nisi.,4247.652,fl oz
554,faucibus orci,Proin interdum mauris non ligula pellentesque ultrices.,1522.471,oz
555,augue luctus tincidunt,Fusce consequat.,4798.104,fl oz
556,magna vestibulum aliquet,,4578.981,units
557,consequat morbi,Vestibulum ac est lacinia nisi venenatis tristique.,1868.719,fl oz
558,mus etiam vel,In blandit ultrices enim.,1227.918,oz
559,feugiat et eros vestibulum,"Integer pede justo, lacinia eget, tincidunt eget, tempus vel, pede.",822.606,oz
560,ante ipsum primis in,,3384.227,kg
561,velit id pretium iaculis diam erat fermentum,Aenean fermentum.,3215.664,g
562,aliquet at feugiat non pretium quis,Morbi vel lectus in quam fringilla rhoncus.,2279.299,fl oz
563,consectetuer adipiscing,"Duis bibendum, felis sed interdum venenatis, turpis enim blandit mi, in porttitor pede justo eu massa.",1137.603,oz
564,amet lobortis sapien,Integer ac leo.,1581.215,fl oz
565,lorem,Vestibulum ante ipsum primis in faucibus orci luctus et ultrices posuere cubilia Curae; Nulla dapibus dolor vel est.,1149.645,fl oz
566,sapien ut nunc vestibulum ante ipsum primis,Curabitur gravida nisi at nibh.,1695.183,fl oz
567,non lectus,Pellentesque eget nunc.,1204.71,kg
568,aliquam,Nullam molestie nibh in lectus.,3108.353,fl oz
569,aliquam,In hac habitasse platea dictumst.,1038.765,fl oz
570,blandit ultrices enim lorem ipsum dolor,,2628.374,fl oz
571,sit amet erat nulla tempus,Pellentesque at nulla.,4580.809,fl oz
572,quisque id justo sit,"Vestibulum quam sapien, varius ut, blandit non, interdum in, ante.",696.036,oz
573,at,Aenean lectus.,1281.162,L
574,ligula sit amet,Nulla mollis molestie lorem.,3403.592,kg
575,mauris,"Vivamus metus arcu, adipiscing molestie, hendrerit at, vulputate vitae, nisl.",908.283,oz
576,consectetuer eget,"Cras mi pede, malesuada in, imperdiet et, commodo vulputate, justo.",326.003,L
577,metus vitae ipsum aliquam non mauris,Nulla ac enim.,4539.8,fl oz
578,nulla tellus in,Cras in purus eu magna vulputate luctus.,1755.25,fl oz
579,lorem ipsum dolor sit amet consectetuer,Mauris sit amet eros.,1780.854,g
580,eu orci mauris,In hac habitasse platea dictumst.,1710.346,oz
581,turpis,Etiam pretium iaculis justo.,2583.645,oz
582,sapien dignissim vestibulum vestibulum ante,Etiam faucibus cursus urna.,3590.448,oz
583,quam pharetra magna,"Maecenas leo odio, condimentum id, luctus nec, molestie sed, justo.",4865.462,fl oz
584,et ultrices posuere,In hac habitasse platea dictumst.,247.61,fl oz
585,proin leo,Morbi vel lectus in quam fringilla rhoncus.,2613.435,oz
586,nulla neque libero,Pellentesque ultrices mattis odio.,3845.437,fl oz
587,in,Nulla tempus.,4923.791,kg
588,porttitor,"Cum sociis natoque penatibus et magnis dis parturient montes, nascetur ridiculus mus.",3936.464,oz
589,tempus vel pede,Nulla tempus.,4121.787,oz
590,placerat praesent,Integer tincidunt ante vel ipsum.,2585.197,oz
591,amet turpis elementum ligula vehicula consequat morbi,Quisque id justo sit amet sapien dignissim vestibulum.,952.442,fl oz
592,ultrices posuere cubilia,"Lorem ipsum dolor sit amet, consectetuer adipiscing elit.",1122.89,L
593,est quam pharetra magna ac,"Lorem ipsum dolor sit amet, consectetuer adipiscing elit.",2273.814,kg
594,molestie sed justo pellentesque viverra pede ac,Etiam faucibus cursus urna.,1412.334,fl oz
595,maecenas pulvinar lobortis est phasellus,Nulla ut erat id mauris vulputate elementum.,646.444,oz
596,lorem id ligula,Suspendisse potenti.,3074.524,oz
597,viverra eget congue eget semper rutrum,"Lorem ipsum dolor sit amet, consectetuer adipiscing elit.",1027.89,kg
598,nec dui luctus rutrum nulla tellus in,Nunc rhoncus dui vel sem.,479.791,kg
599,diam id ornare imperdiet sapien urna,Praesent blandit lacinia erat.,4080.109,fl oz
600,vulputate ut ultrices vel augue vestibulum,,4122.1,fl oz
601,potenti cras,Aliquam erat volutpat.,1926.759,kg
602,elit proin risus praesent lectus vestibulum,Pellentesque ultrices mattis odio.,2692.209,oz
603,mauris lacinia sapien,Integer ac leo.,4707.596,fl oz
604,consequat metus sapien ut nunc,Nulla nisl.,4779.473,oz
605,nulla tellus in sagittis dui,Proin risus.,473.737,fl oz
606,at feugiat non,Integer non velit.,4804.812,m^3
607,augue vestibulum,"Vestibulum ante ipsum primis in faucibus orci luctus et ultrices posuere cubilia Curae; Donec pharetra, magna vestibulum aliquet ultrices, erat tortor sollicitudin mi, sit amet lobortis sapien sapien non mi.",2213.405,fl oz
608,mus etiam vel augue vestibulum,"Nulla neque libero, convallis eget, eleifend luctus, ultricies eu, nibh.",2052.192,g
609,lobortis convallis tortor risus dapibus,,4075.361,fl oz
610,massa tempor convallis nulla neque libero convallis,Suspendisse potenti.,830.09,kg
611,proin at turpis a,Vestibulum ac est lacinia nisi venenatis tristique.,3624.159,oz
612,vulputate ut ultrices vel augue,Mauris ullamcorper purus sit amet nulla.,3925.344,fl oz
613,diam erat fermentum justo nec condimentum neque,,3920.585,oz
614,tristique tortor eu,Vestibulum ante ipsum primis in faucibus orci luctus et ultrices posuere cubilia Curae; Mauris viverra diam vitae quam.,4791.555,oz
615,nulla suscipit ligula in,Aenean sit amet justo.,2143.835,L
616,in ante vestibulum ante,,4157.536,fl oz
617,pede ac diam cras pellentesque volutpat dui,Mauris sit amet eros.,2585.669,fl oz
618,metus vitae ipsum aliquam non mauris morbi,"Integer pede justo, lacinia eget, tincidunt eget, tempus vel, pede.",3014.78,fl oz
619,ut massa quis augue luctus tincidunt,Aenean lectus.,3470.789,oz
620,vel augue vestibulum rutrum rutrum neque aenean,Duis at velit eu est congue elementum.,3908.438,kg
621,sapien arcu sed augue aliquam erat,"Lorem ipsum dolor sit amet, consectetuer adipiscing elit.",2909.076,fl oz
622,vivamus in felis eu sapien cursus,Nulla ac enim.,3843.353,oz
623,odio donec vitae,Quisque porta volutpat erat.,2459.904,fl oz
624,tincidunt nulla mollis molestie,Proin eu mi.,1379.386,fl oz
625,sapien urna pretium,Suspendisse potenti.,4523.689,fl oz
626,ac nulla sed vel enim sit,Proin interdum mauris non ligula pellentesque ultrices.,3572.069,L
627,metus arcu adipiscing molestie hendrerit at,Donec semper sapien a libero.,1402.626,fl oz
628,pharetra magna vestibulum aliquet ultrices erat tortor,"Cum sociis natoque penatibus et magnis dis parturient montes, nascetur ridiculus mus.",1553.765,oz
629,nascetur ridiculus mus vivamus vestibulum sagittis sapien,"Nullam orci pede, venenatis non, sodales sed, tincidunt eu, felis.",3360.304,fl oz
630,at nibh in hac habitasse platea,,2479.51,oz
631,donec odio,"Lorem ipsum dolor sit amet, consectetuer adipiscing elit.",1701.319,kg
632,curabitur gravida nisi at nibh,"Lorem ipsum dolor sit amet, consectetuer adipiscing elit.",4976.398,fl oz
633,vivamus in felis eu sapien cursus,Sed sagittis.,2592.479,L
634,aliquam non mauris,Aenean lectus.,846.555,fl oz
635,convallis nulla neque libero convallis,Etiam faucibus cursus urna.,4403.464,fl oz
636,cubilia curae donec pharetra magna vestibulum aliquet,Nulla suscipit ligula in lacus.,2750.571,L
637,mauris morbi non lectus aliquam sit amet,Aenean fermentum.,3434.3,kg
638,at velit vivamus vel nulla eget,Maecenas ut massa quis augue luctus tincidunt.,999.722,fl oz
639,mauris vulputate elementum nullam,Duis aliquam convallis nunc.,2163.397,fl oz
640,suspendisse potenti nullam porttitor lacus at,"Nam congue, risus semper porta volutpat, quam pede lobortis ligula, sit amet eleifend pede libero quis orci.",3674.734,units
641,nisi nam ultrices,In hac habitasse platea dictumst.,4097.537,L
642,vestibulum,Pellentesque ultrices mattis odio.,723.476,oz
643,turpis integer,Suspendisse ornare consequat lectus.,3006.266,fl oz
644,ut,Cras in purus eu magna vulputate luctus.,1903.0,fl oz
645,molestie hendrerit at vulputate vitae,Nullam varius.,2940.392,L
646,congue risus semper porta volutpat,Donec semper sapien a libero.,1245.881,oz
647,non ligula pellentesque ultrices,Morbi porttitor lorem id ligula.,2206.266,fl oz
648,integer ac neque,Vestibulum ante ipsum primis in faucibus orci luctus et ultrices posuere cubilia Curae; Nulla dapibus dolor vel est.,4351.718,fl oz
649,tellus semper interdum,Vivamus vel nulla eget eros elementum pellentesque.,849.128,oz
650,justo sit amet sapien dignissim,"Mauris enim leo, rhoncus sed, vestibulum sit amet, cursus id, turpis.",2300.973,fl oz
651,vel,Nulla tempus.,4856.86,fl oz
652,quisque,Praesent blandit.,2114.646,L
653,pellentesque ultrices phasellus id sapien in,Fusce posuere felis sed lacus.,3997.924,fl oz
654,at vulputate vitae nisl,Proin risus.,3794.577,fl oz
655,sagittis nam congue risus semper,,3287.183,L
656,convallis nulla neque libero convallis eget,Duis at velit eu est congue elementum.,1868.806,oz
657,vitae nisi nam ultrices libero non mattis,Praesent lectus.,1642.178,fl oz
658,dictumst maecenas ut massa,Nulla ut erat id mauris vulputate elementum.,3277.981,oz
659,ligula sit amet,Duis consequat dui nec nisi volutpat eleifend.,1296.714,oz
660,proin at turpis a,In sagittis dui vel nisl.,1019.759,fl oz
661,vel,,4452.764,fl oz
662,faucibus cursus urna ut tellus nulla ut,Morbi quis tortor id nulla ultrices aliquet.,549.519,fl oz
663,fusce consequat nulla nisl nunc,,1198.433,fl oz
664,pellentesque at nulla suspendisse potenti cras,Donec ut mauris eget massa tempor convallis.,3311.496,g
665,hac habitasse,Etiam vel augue.,818.767,fl oz
666,a pede posuere,Sed vel enim sit amet nunc viverra dapibus.,4037.291,L
667,pellentesque at nulla suspendisse potenti cras in,Nulla nisl.,1405.937,oz
668,lorem,Morbi vel lectus in quam fringilla rhoncus.,678.407,L
669,nullam varius,,1716.124,fl oz
670,ligula pellentesque,,3267.558,oz
671,in faucibus orci luctus et ultrices,In eleifend quam a odio.,1021.865,fl oz
672,interdum mauris ullamcorper purus sit amet nulla,Morbi ut odio.,4585.753,kg
673,eu massa donec dapibus duis at,Morbi a ipsum.,4241.082,fl oz
674,convallis duis consequat dui,Vestibulum ante ipsum primis in faucibus orci luctus et ultrices posuere cubilia Curae; Duis faucibus accumsan odio.,4821.252,L
675,vestibulum,Nam tristique tortor eu pede.,3623.488,oz
676,platea,Aliquam erat volutpat.,299.188,oz
677,sem fusce consequat,Integer ac leo.,1514.104,oz
678,in quam fringilla rhoncus mauris enim,Integer non velit.,4654.389,fl oz
679,eget congue eget semper rutrum nulla,Nulla nisl.,4840.829,fl oz
680,est donec,"In tempor, turpis nec euismod scelerisque, quam turpis adipiscing lorem, vitae mattis nibh ligula nec sem.",2098.651,kg
681,dui proin leo odio,Duis mattis egestas metus.,3214.029,fl oz
682,quisque id justo sit amet sapien dignissim,Nunc purus.,1264.556,fl oz
683,ut,Nam tristique tortor eu pede.,1921.096,oz
684,id justo sit,In blandit ultrices enim.,3931.159,kg
685,ultrices mattis odio donec,Fusce posuere felis sed lacus.,2623.697,oz
686,ipsum ac tellus semper interdum mauris ullamcorper,In congue.,2330.593,kg
687,morbi ut odio cras,,4198.252,L
688,vestibulum sed magna at nunc commodo,Vestibulum ac est lacinia nisi venenatis tristique.,2586.16,fl oz
689,viverra dapibus,Nulla tempus.,3872.738,fl oz
690,et commodo vulputate,Etiam pretium iaculis justo.,3309.847,oz
691,nulla sed accumsan felis ut,Sed ante.,1142.973,fl oz
692,consequat varius integer ac leo,"Vestibulum ante ipsum primis in faucibus orci luctus et ultrices posuere cubilia Curae; Donec pharetra, magna vestibulum aliquet ultrices, erat tortor sollicitudin mi, sit amet lobortis sapien sapien non mi.",1548.108,L
693,justo eu massa donec dapibus,"Maecenas tristique, est et tempus semper, est quam pharetra magna, ac consequat metus sapien ut nunc.",2218.362,fl oz
694,mauris vulputate elementum,Vestibulum ac est lacinia nisi venenatis tristique.,4709.483,L
695,elit sodales scelerisque mauris sit,Nullam porttitor lacus at turpis.,4402.693,L
696,viverra pede ac diam cras pellentesque volutpat,Maecenas pulvinar lobortis est.,3358.767,oz
697,cras non velit nec nisi,,3340.536,fl oz
698,ultrices enim lorem ipsum dolor sit amet,Curabitur in libero ut massa volutpat convallis.,902.471,oz
699,vestibulum vestibulum ante,Etiam pretium iaculis justo.,1324.066,oz
700,sagittis dui vel,Aenean auctor gravida sem.,2993.813,L
701,fusce posuere felis sed lacus morbi,Etiam faucibus cursus urna.,1097.616,oz
702,pede libero quis orci nullam molestie,Nulla suscipit ligula in lacus.,4160.544,fl oz
703,adipiscing lorem vitae mattis nibh ligula,Etiam justo.,3785.652,L
704,cras pellentesque volutpat dui maecenas tristique,Maecenas tincidunt lacus at velit.,1728.143,fl oz
705,orci,,56.316,oz
706,tincidunt eu felis fusce posuere,,941.265,oz
707,aliquam convallis,"Lorem ipsum dolor sit amet, consectetuer adipiscing elit.",1427.718,fl oz
708,tortor sollicitudin mi sit amet lobortis sapien,"Proin leo odio, porttitor id, consequat in, consequat ut, nulla.",2841.264,kg
709,convallis tortor risus dapibus augue vel accumsan,Aenean auctor gravida sem.,1358.533,fl oz
710,pretium nisl ut,Integer tincidunt ante vel ipsum.,3489.798,fl oz
711,scelerisque mauris sit amet,,4215.432,fl oz
712,ornare imperdiet,,4653.723,fl oz
713,penatibus et magnis dis parturient montes,Aenean lectus.,39.113,L
714,rhoncus sed vestibulum sit amet cursus id,Vestibulum rutrum rutrum neque.,1573.456,kg
715,penatibus et magnis,Aenean sit amet justo.,952.948,oz
716,lacinia aenean sit amet,"Donec odio justo, sollicitudin ut, suscipit a, feugiat et, eros.",1073.714,oz
717,curabitur gravida nisi at,Suspendisse ornare consequat lectus.,2171.611,fl oz
718,aliquet pulvinar sed nisl nunc,"Duis bibendum, felis sed interdum venenatis, turpis enim blandit mi, in porttitor pede justo eu massa.",235.601,fl oz
719,vivamus vestibulum sagittis sapien,In quis justo.,3236.568,oz
720,integer a nibh in quis justo,Curabitur at ipsum ac tellus semper interdum.,1379.766,fl oz
721,vestibulum rutrum rutrum neque aenean auctor,Cras in purus eu magna vulputate luctus.,1281.72,oz
722,purus eu,,4502.635,fl oz
723,in quam,Integer ac leo.,4328.725,fl oz
724,felis eu,Morbi vel lectus in quam fringilla rhoncus.,3552.42,fl oz
725,duis aliquam,Aenean sit amet justo.,677.636,fl oz
726,tincidunt ante vel ipsum praesent blandit lacinia,In hac habitasse platea dictumst.,1061.622,fl oz
727,odio in hac habitasse platea dictumst,Duis ac nibh.,1136.55,L
728,volutpat sapien arcu sed augue aliquam,Mauris lacinia sapien quis libero.,1843.053,L
729,felis sed,Sed vel enim sit amet nunc viverra dapibus.,4401.633,fl oz
730,et magnis dis parturient montes nascetur,Suspendisse potenti.,299.578,fl oz
731,magna ac consequat metus sapien,Aliquam quis turpis eget elit sodales scelerisque.,3693.96,fl oz
732,nam dui proin leo odio porttitor id,Nulla nisl.,4882.305,fl oz
733,elit proin risus praesent lectus vestibulum quam,Morbi quis tortor id nulla ultrices aliquet.,4449.989,fl oz
734,et magnis dis parturient montes nascetur ridiculus,Quisque porta volutpat erat.,4187.966,oz
735,pede malesuada in imperdiet et,Nam tristique tortor eu pede.,3908.729,fl oz
736,morbi,Quisque porta volutpat erat.,2275.193,fl oz
737,quis,Ut at dolor quis odio consequat varius.,2690.848,fl oz
738,eget rutrum at lorem integer tincidunt ante,Pellentesque at nulla.,300.762,oz
739,sapien non,Duis consequat dui nec nisi volutpat eleifend.,43.242,m^3
740,lorem,,2535.453,fl oz
741,metus sapien,Aenean auctor gravida sem.,2899.544,L
742,urna,,4717.883,fl oz
743,at turpis donec posuere metus vitae ipsum,Quisque id justo sit amet sapien dignissim vestibulum.,1207.472,fl oz
744,sed vestibulum sit,Nulla mollis molestie lorem.,1285.688,oz
745,at vulputate vitae nisl aenean lectus pellentesque,Praesent blandit.,3528.52,oz
746,luctus et ultrices posuere cubilia curae duis,Curabitur at ipsum ac tellus semper interdum.,4859.721,fl oz
747,fermentum donec ut,Praesent blandit.,2400.141,oz
748,natoque penatibus et magnis,"Fusce lacus purus, aliquet at, feugiat non, pretium quis, lectus.",4789.244,fl oz
749,mi sit amet lobortis sapien,Etiam justo.,3316.158,fl oz
750,imperdiet nullam orci pede venenatis,,4459.664,fl oz
751,amet consectetuer adipiscing,Donec semper sapien a libero.,647.705,fl oz
752,et magnis dis parturient montes,"Quisque erat eros, viverra eget, congue eget, semper rutrum, nulla.",3238.383,L
753,nunc viverra,,1374.474,fl oz
754,convallis nunc proin at turpis a,Proin eu mi.,923.429,fl oz
755,non,"Donec odio justo, sollicitudin ut, suscipit a, feugiat et, eros.",3471.771,fl oz
756,nulla elit ac nulla sed,Aliquam erat volutpat.,2418.256,oz
757,cubilia curae,Nam tristique tortor eu pede.,4222.806,fl oz
758,nibh,Morbi ut odio.,4108.833,fl oz
759,id,Nullam molestie nibh in lectus.,851.981,fl oz
760,ridiculus mus vivamus vestibulum sagittis,Nullam sit amet turpis elementum ligula vehicula consequat.,190.375,fl oz
761,mollis molestie lorem quisque ut erat,Nulla ac enim.,1362.854,fl oz
762,sed vel enim sit amet nunc,Vestibulum ac est lacinia nisi venenatis tristique.,4107.044,L
763,lobortis est phasellus sit amet erat,"Morbi sem mauris, laoreet ut, rhoncus aliquet, pulvinar sed, nisl.",102.898,fl oz
764,sem sed sagittis nam congue,Curabitur in libero ut massa volutpat convallis.,2355.557,fl oz
765,in magna bibendum imperdiet nullam orci,"Integer aliquet, massa id lobortis convallis, tortor risus dapibus augue, vel accumsan tellus nisi eu orci.",3274.99,fl oz
766,odio elementum,"Fusce congue, diam id ornare imperdiet, sapien urna pretium nisl, ut volutpat sapien arcu sed augue.",3395.712,oz
767,vel nisl duis ac nibh fusce,Duis ac nibh.,3628.589,oz
768,eget vulputate,,1948.136,fl oz
769,consequat ut nulla sed accumsan felis,Nam tristique tortor eu pede.,3920.039,oz
770,phasellus,"Donec diam neque, vestibulum eget, vulputate ut, ultrices vel, augue.",4869.023,oz
771,nonummy,Vivamus vestibulum sagittis sapien.,385.667,fl oz
772,mauris vulputate elementum nullam varius nulla,Integer tincidunt ante vel ipsum.,139.481,kg
773,platea,"Maecenas tristique, est et tempus semper, est quam pharetra magna, ac consequat metus sapien ut nunc.",1085.548,oz
774,porttitor lacus at turpis donec posuere metus,In hac habitasse platea dictumst.,2535.211,fl oz
775,pulvinar,Vivamus tortor.,935.485,fl oz
776,dui,Donec dapibus.,2415.03,L
777,sit amet turpis elementum ligula vehicula consequat,Aliquam erat volutpat.,1752.463,fl oz
778,vulputate vitae nisl aenean,,690.247,kg
779,nisl nunc nisl duis bibendum,,4785.241,oz
780,nulla ac enim in tempor turpis nec,"Fusce lacus purus, aliquet at, feugiat non, pretium quis, lectus.",845.822,fl oz
781,vestibulum sed magna at nunc,"Vestibulum ante ipsum primis in faucibus orci luctus et ultrices posuere cubilia Curae; Donec pharetra, magna vestibulum aliquet ultrices, erat tortor sollicitudin mi, sit amet lobortis sapien sapien non mi.",996.608,kg
782,diam id ornare,,106.404,fl oz
783,hac habitasse platea dictumst morbi,"Morbi odio odio, elementum eu, interdum eu, tincidunt in, leo.",4679.03,fl oz
784,semper rutrum nulla nunc purus,Maecenas tincidunt lacus at velit.,2899.754,fl oz
785,libero nam dui,Nunc nisl.,3253.691,fl oz
786,platea,,4815.953,kg
787,odio cras mi pede malesuada in imperdiet,Mauris lacinia sapien quis libero.,1451.201,fl oz
788,diam id,Nulla facilisi.,2496.92,g
789,ultrices vel augue vestibulum ante,Quisque porta volutpat erat.,2648.186,fl oz
790,ut mauris eget massa,Aliquam quis turpis eget elit sodales scelerisque.,955.358,fl oz
791,eget vulputate ut ultrices vel augue,Proin at turpis a pede posuere nonummy.,1379.806,g
792,morbi odio,Cras non velit nec nisi vulputate nonummy.,349.874,fl oz
793,odio porttitor id,"Integer pede justo, lacinia eget, tincidunt eget, tempus vel, pede.",3810.191,oz
794,cras non velit nec nisi,Aliquam quis turpis eget elit sodales scelerisque.,2257.194,fl oz
795,ut nunc vestibulum ante ipsum primis in,Curabitur in libero ut massa volutpat convallis.,3446.004,oz
796,penatibus et magnis dis parturient montes nascetur,Pellentesque at nulla.,4523.946,oz
797,tincidunt eu felis fusce posuere felis,"Vestibulum quam sapien, varius ut, blandit non, interdum in, ante.",2058.591,oz
798,ligula in lacus curabitur at ipsum,"Vestibulum ante ipsum primis in faucibus orci luctus et ultrices posuere cubilia Curae; Donec pharetra, magna vestibulum aliquet ultrices, erat tortor sollicitudin mi, sit amet lobortis sapien sapien non mi.",965.785,oz
799,lectus pellentesque,"Lorem ipsum dolor sit amet, consectetuer adipiscing elit.",2801.705,fl oz
800,tempor turpis,Aliquam erat volutpat.,3784.169,oz
801,sit amet consectetuer,Donec ut mauris eget massa tempor convallis.,3382.597,lbs
802,aliquam erat volutpat,Sed ante.,1857.617,fl oz
803,libero ut massa volutpat,"Integer aliquet, massa id lobortis convallis, tortor risus dapibus augue, vel accumsan tellus nisi eu orci.",2504.813,fl oz
804,ultrices,"Fusce congue, diam id ornare imperdiet, sapien urna pretium nisl, ut volutpat sapien arcu sed augue.",1307.098,fl oz
805,sapien varius ut blandit,"Vestibulum quam sapien, varius ut, blandit non, interdum in, ante.",519.913,fl oz
806,platea dictumst,Morbi porttitor lorem id ligula.,1245.54,oz
807,leo maecenas,Etiam vel augue.,4369.272,fl oz
808,integer aliquet massa id lobortis convallis tortor,In eleifend quam a odio.,3594.716,L
809,posuere cubilia,Nulla nisl.,1134.598,fl oz
810,a ipsum integer a nibh in,Integer a nibh.,4667.839,fl oz
811,luctus cum sociis natoque penatibus,Morbi vel lectus in quam fringilla rhoncus.,4941.214,oz
812,ac lobortis vel dapibus,"Aliquam augue quam, sollicitudin vitae, consectetuer eget, rutrum at, lorem.",860.779,oz
813,ultrices posuere,Duis ac nibh.,288.357,oz
814,dapibus nulla,Praesent blandit.,1480.55,fl oz
815,ut blandit non,Maecenas rhoncus aliquam lacus.,294.895,lbs
816,urna pretium nisl ut,,1404.904,fl oz
817,cras pellentesque volutpat dui,"Fusce lacus purus, aliquet at, feugiat non, pretium quis, lectus.",2179.868,fl oz
818,tellus nisi,In blandit ultrices enim.,4865.648,oz
819,consequat lectus in est risus auctor sed,Sed vel enim sit amet nunc viverra dapibus.,329.99,kg
820,cursus urna ut tellus nulla ut,"Nulla neque libero, convallis eget, eleifend luctus, ultricies eu, nibh.",2930.765,lbs
821,sapien placerat,Donec posuere metus vitae ipsum.,1409.853,L
822,nec condimentum neque sapien placerat ante nulla,Curabitur at ipsum ac tellus semper interdum.,212.058,fl oz
823,justo in blandit ultrices enim lorem ipsum,Vestibulum ac est lacinia nisi venenatis tristique.,3996.678,oz
824,et magnis dis parturient montes nascetur ridiculus,"In est risus, auctor sed, tristique in, tempus sit amet, sem.",1686.645,fl oz
825,sollicitudin vitae consectetuer eget rutrum,Donec ut dolor.,2199.009,fl oz
826,vulputate vitae nisl aenean lectus pellentesque eget,In quis justo.,3508.367,fl oz
827,non lectus,Quisque porta volutpat erat.,2437.259,kg
828,nulla ultrices aliquet,"Fusce congue, diam id ornare imperdiet, sapien urna pretium nisl, ut volutpat sapien arcu sed augue.",1703.425,oz
829,elementum eu interdum,Phasellus in felis.,2358.705,kg
830,quisque porta volutpat erat quisque,Duis aliquam convallis nunc.,4017.167,fl oz
831,praesent blandit nam,Morbi porttitor lorem id ligula.,4883.252,kg
832,dolor morbi vel,"Cras mi pede, malesuada in, imperdiet et, commodo vulputate, justo.",3682.282,oz
833,eros,,4405.559,oz
834,id nisl venenatis,In sagittis dui vel nisl.,4035.428,oz
835,donec ut mauris eget,Phasellus id sapien in sapien iaculis congue.,4728.585,L
836,nec nisi vulputate nonummy maecenas tincidunt,Aliquam non mauris.,2038.0,fl oz
837,in,Donec posuere metus vitae ipsum.,930.414,fl oz
838,consequat varius integer ac,"Cum sociis natoque penatibus et magnis dis parturient montes, nascetur ridiculus mus.",4468.108,oz
839,faucibus orci luctus et ultrices posuere cubilia,Suspendisse ornare consequat lectus.,624.794,oz
840,eget semper rutrum nulla nunc purus phasellus,Duis bibendum.,2151.653,fl oz
841,aenean lectus pellentesque eget nunc donec quis,Morbi ut odio.,2793.379,fl oz
842,neque aenean auctor gravida sem,Morbi a ipsum.,892.004,oz
843,velit id pretium iaculis,In quis justo.,2793.656,oz
844,et eros vestibulum ac est lacinia nisi,Maecenas rhoncus aliquam lacus.,249.22,fl oz
845,placerat ante nulla justo aliquam quis,,3596.436,fl oz
846,odio consequat varius,,406.248,oz
847,justo eu massa donec,,2256.347,kg
848,sem sed sagittis nam,Maecenas tincidunt lacus at velit.,3720.793,oz
849,vivamus vel nulla eget,"Donec odio justo, sollicitudin ut, suscipit a, feugiat et, eros.",1012.202,oz
850,ultrices,Ut tellus.,2622.471,lbs
851,justo aliquam quis turpis eget elit,,4612.405,fl oz
852,justo in,"Cras mi pede, malesuada in, imperdiet et, commodo vulputate, justo.",2650.063,fl oz
853,lectus suspendisse potenti,Donec quis orci eget orci vehicula condimentum.,3680.871,fl oz
854,aliquet ultrices,Duis bibendum.,3763.912,fl oz
855,bibendum morbi,Vestibulum ante ipsum primis in faucibus orci luctus et ultrices posuere cubilia Curae; Mauris viverra diam vitae quam.,1684.701,fl oz
856,fusce posuere,Pellentesque at nulla.,4486.665,fl oz
857,posuere metus vitae ipsum aliquam,In eleifend quam a odio.,342.054,oz
858,convallis nulla neque libero convallis eget,Nulla ac enim.,1831.422,fl oz
859,in tempus sit amet sem fusce consequat,Integer a nibh.,4927.662,fl oz
860,eu,Fusce consequat.,4174.958,g
861,sit amet sapien dignissim,Nulla nisl.,3108.045,fl oz
862,eget elit sodales scelerisque,"Maecenas tristique, est et tempus semper, est quam pharetra magna, ac consequat metus sapien ut nunc.",1111.329,g
863,pulvinar nulla pede,In sagittis dui vel nisl.,3091.593,fl oz
864,est lacinia nisi venenatis,"In est risus, auctor sed, tristique in, tempus sit amet, sem.",4174.004,fl oz
865,quam sollicitudin vitae consectetuer eget,Etiam vel augue.,2590.977,fl oz
866,justo nec condimentum neque,"Morbi odio odio, elementum eu, interdum eu, tincidunt in, leo.",2050.24,fl oz
867,tortor,Pellentesque ultrices mattis odio.,2044.834,fl oz
868,ligula vehicula consequat morbi,Vestibulum ante ipsum primis in faucibus orci luctus et ultrices posuere cubilia Curae; Duis faucibus accumsan odio.,750.483,kg
869,dictumst morbi vestibulum,Fusce consequat.,4350.726,oz
870,vel augue,Proin eu mi.,295.083,oz
871,aliquam convallis,Aliquam quis turpis eget elit sodales scelerisque.,1976.967,oz
872,posuere nonummy integer non velit,In quis justo.,2455.223,oz
873,ultrices posuere,Phasellus in felis.,1021.402,lbs
874,non pretium quis lectus suspendisse potenti in,Quisque id justo sit amet sapien dignissim vestibulum.,2719.118,oz
875,ipsum ac tellus semper interdum,Vivamus tortor.,1344.838,fl oz
876,orci eget orci vehicula condimentum,"Integer aliquet, massa id lobortis convallis, tortor risus dapibus augue, vel accumsan tellus nisi eu orci.",1648.106,fl oz
877,lorem quisque ut erat curabitur gravida,,1188.9,fl oz
878,proin leo,Vestibulum sed magna at nunc commodo placerat.,3989.709,fl oz
879,aliquam erat,Donec ut dolor.,3085.41,oz
880,vel enim sit amet nunc,Duis mattis egestas metus.,3158.539,fl oz
881,augue vel accumsan tellus nisi eu orci,"Fusce congue, diam id ornare imperdiet, sapien urna pretium nisl, ut volutpat sapien arcu sed augue.",4631.61,fl oz
882,porta volutpat erat,"Morbi sem mauris, laoreet ut, rhoncus aliquet, pulvinar sed, nisl.",3580.455,oz
883,gravida nisi,Vivamus tortor.,3689.022,fl oz
884,erat,Suspendisse accumsan tortor quis turpis.,4212.061,fl oz
885,nisi venenatis tristique,Etiam justo.,1032.693,fl oz
886,euismod scelerisque quam turpis adipiscing,Curabitur gravida nisi at nibh.,4585.793,g
887,ipsum,Aliquam sit amet diam in magna bibendum imperdiet.,2765.99,oz
888,augue a suscipit,Nulla tellus.,4146.324,oz
889,interdum eu tincidunt in leo maecenas,Donec quis orci eget orci vehicula condimentum.,507.645,fl oz
890,etiam vel augue vestibulum,Nunc purus.,394.74,fl oz
891,justo lacinia eget,,1761.213,oz
892,nisi vulputate nonummy maecenas tincidunt lacus at,Nunc rhoncus dui vel sem.,1253.634,kg
893,amet diam in magna bibendum imperdiet,Quisque porta volutpat erat.,3567.405,L
894,libero rutrum ac lobortis vel,Sed vel enim sit amet nunc viverra dapibus.,2635.384,fl oz
895,lobortis vel dapibus,,771.063,fl oz
896,rutrum nulla nunc purus phasellus in,Suspendisse accumsan tortor quis turpis.,82.33,fl oz
897,cubilia curae donec pharetra magna vestibulum,"Lorem ipsum dolor sit amet, consectetuer adipiscing elit.",1820.493,L
898,lorem integer tincidunt ante,"Maecenas leo odio, condimentum id, luctus nec, molestie sed, justo.",4200.075,fl oz
899,est donec odio justo,Proin eu mi.,3196.735,fl oz
900,sed tincidunt eu felis fusce posuere,In hac habitasse platea dictumst.,4396.488,oz
901,ante ipsum primis in faucibus,Donec dapibus.,4166.136,oz
902,ipsum primis in,,34.745,oz
903,dictumst etiam,"Lorem ipsum dolor sit amet, consectetuer adipiscing elit.",2894.517,kg
904,rutrum at lorem integer tincidunt,"Nulla neque libero, convallis eget, eleifend luctus, ultricies eu, nibh.",1367.32,fl oz
905,quisque ut erat curabitur,Pellentesque at nulla.,1299.127,fl oz
906,semper interdum mauris ullamcorper purus,Nam nulla.,2603.509,oz
907,in,"Vestibulum quam sapien, varius ut, blandit non, interdum in, ante.",3619.788,fl oz
908,enim in tempor turpis nec euismod,"Quisque arcu libero, rutrum ac, lobortis vel, dapibus at, diam.",1584.361,fl oz
909,elementum ligula vehicula,,1852.87,fl oz
910,tempor turpis nec euismod scelerisque quam turpis,Duis mattis egestas metus.,4722.542,oz
911,orci luctus et,Donec vitae nisi.,4914.454,L
912,velit,Nullam porttitor lacus at turpis.,4352.45,fl oz
913,at,Etiam pretium iaculis justo.,716.996,fl oz
914,id,Morbi a ipsum.,1457.991,fl oz
915,ante ipsum primis in faucibus orci,Aliquam non mauris.,1612.141,kg
916,in sagittis dui vel nisl,"Vivamus metus arcu, adipiscing molestie, hendrerit at, vulputate vitae, nisl.",3791.773,oz
917,vulputate elementum nullam,"Proin leo odio, porttitor id, consequat in, consequat ut, nulla.",2494.55,L
918,vestibulum ante ipsum primis in faucibus orci,"Nam congue, risus semper porta volutpat, quam pede lobortis ligula, sit amet eleifend pede libero quis orci.",2334.397,fl oz
919,pretium quis lectus suspendisse potenti in,,3643.442,oz
920,donec posuere,Phasellus sit amet erat.,4885.563,lbs
921,vehicula,"Nullam orci pede, venenatis non, sodales sed, tincidunt eu, felis.",535.046,fl oz
922,nulla,,398.441,fl oz
923,integer aliquet,"Morbi sem mauris, laoreet ut, rhoncus aliquet, pulvinar sed, nisl.",2769.048,kg
924,justo,"Maecenas tristique, est et tempus semper, est quam pharetra magna, ac consequat metus sapien ut nunc.",4408.436,fl oz
925,varius nulla facilisi,Morbi non lectus.,25.945,fl oz
926,quis,"Maecenas tristique, est et tempus semper, est quam pharetra magna, ac consequat metus sapien ut nunc.",907.048,L
927,et ultrices posuere cubilia curae duis faucibus,Integer ac leo.,124.349,L
928,in,Nulla suscipit ligula in lacus.,3250.964,fl oz
929,elit,,4610.003,oz
930,aenean fermentum,Vestibulum ante ipsum primis in faucibus orci luctus et ultrices posuere cubilia Curae; Duis faucibus accumsan odio.,3109.541,fl oz
931,vel pede morbi porttitor lorem id,Quisque id justo sit amet sapien dignissim vestibulum.,2608.081,g
932,leo odio porttitor id consequat in consequat,Donec ut dolor.,4363.749,fl oz
933,et magnis dis parturient montes nascetur ridiculus,,1257.628,fl oz
934,lorem integer tincidunt ante vel ipsum praesent,Curabitur convallis.,3385.599,fl oz
935,bibendum imperdiet nullam orci,Integer a nibh.,4813.321,oz
936,justo nec condimentum neque sapien,In hac habitasse platea dictumst.,4828.368,m^2
937,lobortis est phasellus,Aenean auctor gravida sem.,2700.207,g
938,hendrerit at vulputate vitae nisl aenean,Praesent id massa id nisl venenatis lacinia.,2930.238,oz
939,diam vitae quam suspendisse potenti nullam,In blandit ultrices enim.,2961.178,fl oz
940,purus sit amet nulla,Phasellus sit amet erat.,2991.858,oz
941,nulla suspendisse,Vestibulum ante ipsum primis in faucibus orci luctus et ultrices posuere cubilia Curae; Duis faucibus accumsan odio.,3.412,oz
942,urna ut tellus nulla ut erat id,"Nam congue, risus semper porta volutpat, quam pede lobortis ligula, sit amet eleifend pede libero quis orci.",2999.689,fl oz
943,mauris eget massa tempor convallis,Cras in purus eu magna vulputate luctus.,851.738,oz
944,tincidunt lacus at velit,Curabitur at ipsum ac tellus semper interdum.,1336.345,oz
945,ac est lacinia nisi,Donec dapibus.,492.214,fl oz
946,duis aliquam convallis nunc,In hac habitasse platea dictumst.,4132.247,fl oz
947,nam,Nulla suscipit ligula in lacus.,240.718,oz
948,nibh in quis,Aliquam sit amet diam in magna bibendum imperdiet.,1040.277,g
949,vulputate,,327.459,oz
950,massa,Proin eu mi.,1381.829,kg
951,cubilia curae nulla dapibus dolor,Nulla ut erat id mauris vulputate elementum.,1519.95,fl oz
952,lectus suspendisse potenti,Sed vel enim sit amet nunc viverra dapibus.,1498.217,oz
953,volutpat in congue etiam justo etiam pretium,Suspendisse accumsan tortor quis turpis.,995.872,kg
954,massa quis augue luctus,Nunc nisl.,231.196,fl oz
955,fusce congue diam id ornare imperdiet,In hac habitasse platea dictumst.,3869.49,L
956,libero,Morbi a ipsum.,2790.654,oz
957,amet turpis elementum ligula vehicula,Nulla suscipit ligula in lacus.,4483.516,g
958,dui luctus,"Maecenas tristique, est et tempus semper, est quam pharetra magna, ac consequat metus sapien ut nunc.",3657.982,g
959,ut massa volutpat convallis morbi,,558.089,fl oz
960,imperdiet nullam orci,"Quisque erat eros, viverra eget, congue eget, semper rutrum, nulla.",4182.649,oz
961,porta volutpat erat quisque erat eros viverra,Aenean lectus.,2474.526,L
962,ultrices posuere cubilia,Donec ut mauris eget massa tempor convallis.,424.243,oz
963,adipiscing lorem vitae mattis nibh ligula nec,"In est risus, auctor sed, tristique in, tempus sit amet, sem.",2885.995,fl oz
964,quam,,3999.212,oz
965,ultrices aliquet maecenas leo odio,Nunc purus.,2413.881,kg
966,posuere cubilia curae nulla dapibus,Donec dapibus.,2539.167,oz
967,amet eros,Nullam porttitor lacus at turpis.,3623.672,fl oz
968,eget tincidunt,Sed sagittis.,253.414,oz
969,arcu sed,,2401.155,oz
970,quisque erat eros viverra,Etiam faucibus cursus urna.,4521.269,fl oz
971,et ultrices,"Proin leo odio, porttitor id, consequat in, consequat ut, nulla.",2555.189,kg
972,scelerisque mauris,"Vestibulum quam sapien, varius ut, blandit non, interdum in, ante.",2074.937,oz
973,praesent lectus vestibulum quam,Maecenas ut massa quis augue luctus tincidunt.,16.008,fl oz
974,a,Etiam pretium iaculis justo.,65.238,fl oz
975,facilisi cras non,Integer tincidunt ante vel ipsum.,1338.218,fl oz
976,quis libero nullam sit amet turpis elementum,,996.126,lbs
977,vulputate elementum nullam varius,Quisque ut erat.,1950.533,fl oz
978,ut rhoncus aliquet pulvinar,Duis at velit eu est congue elementum.,963.805,oz
979,sit amet sapien dignissim vestibulum vestibulum,,2440.705,fl oz
980,ultrices aliquet maecenas leo odio condimentum,Vestibulum ac est lacinia nisi venenatis tristique.,4920.057,fl oz
981,tempor convallis nulla,Vivamus in felis eu sapien cursus vestibulum.,351.681,fl oz
982,orci luctus et ultrices posuere cubilia curae,Integer non velit.,4854.348,oz
983,consequat morbi a ipsum integer a nibh,Vestibulum sed magna at nunc commodo placerat.,1217.773,fl oz
984,nibh in hac habitasse,,109.538,fl oz
985,nunc viverra dapibus nulla suscipit,"Donec diam neque, vestibulum eget, vulputate ut, ultrices vel, augue.",1265.389,fl oz
986,curae mauris,Donec posuere metus vitae ipsum.,1556.753,oz
987,vel nulla eget eros elementum pellentesque quisque,Etiam vel augue.,2066.076,fl oz
988,diam erat fermentum,"Vestibulum ante ipsum primis in faucibus orci luctus et ultrices posuere cubilia Curae; Donec pharetra, magna vestibulum aliquet ultrices, erat tortor sollicitudin mi, sit amet lobortis sapien sapien non mi.",1822.004,fl oz
989,neque vestibulum eget vulputate ut ultrices,Vestibulum ac est lacinia nisi venenatis tristique.,1627.671,fl oz
990,luctus cum sociis natoque,Donec dapibus.,178.896,fl oz
991,a,Suspendisse potenti.,4112.806,oz
992,donec diam neque vestibulum,"Cras mi pede, malesuada in, imperdiet et, commodo vulputate, justo.",4176.567,m^2
993,dapibus,Proin risus.,3537.676,fl oz
994,ipsum integer a nibh in,Pellentesque viverra pede ac diam.,1157.628,oz
995,vel pede morbi porttitor lorem id,Ut tellus.,2485.105,fl oz
996,eget tempus vel pede morbi,"Quisque erat eros, viverra eget, congue eget, semper rutrum, nulla.",4034.908,fl oz
997,aliquam erat volutpat in,Duis at velit eu est congue elementum.,2999.061,fl oz
998,lorem ipsum,Morbi ut odio.,3993.038,oz
999,justo,"Cum sociis natoque penatibus et magnis dis parturient montes, nascetur ridiculus mus.",4123.083,kg
1000,ac,Nulla ac enim.,3188.469,fl oz
