id,position,firstName,lastName
1,,Doris,Roberts
2,Actuary,Gloria,Brooks
3,Sales Associate,Benjamin,Nguyen
4,Cost Accountant,Angela,Hayes
5,Registered Nurse,Evelyn,Garza
6,Librarian,Judith,Mcdonald
7,Legal Assistant,Laura,Mills
8,,Roy,Cole
9,Civil Engineer,Tina,Rivera
10,Staff Accountant IV,Russell,Ellis
11,Sales Associate,Julie,Campbell
12,Research Associate,Marilyn,Powell
13,Developer II,Justin,Montgomery
14,Account Coordinator,Ralph,Gomez
15,Automation Specialist I,Dennis,Frazier
16,,Ann,Graham
17,Executive Secretary,Justin,George
18,,Helen,Fox
19,Sales Associate,Steve,Hayes
20,Product Engineer,Katherine,Chapman
21,,Jeffrey,Gomez
22,Legal Assistant,Judy,Gibson
23,,Janet,Collins
24,,Scott,Elliott
25,Quality Engineer,Jennifer,Perez
26,Nurse,Ernest,Matthews
27,,Fred,Williams
28,,Justin,Marshall
29,Quality Control Specialist,Joe,Evans
30,Sales Associate,Diane,Boyd
31,VP Sales,Michael,Burke
32,Internal Auditor,Shawn,Moore
33,Graphic Designer,Frances,Torres
34,,Diane,Meyer
35,Database Administrator II,Margaret,Arnold
36,Payment Adjustment Coordinator,Emily,Garrett
37,Safety Technician IV,Ronald,Tucker
38,Assistant Media Planner,Kevin,Marshall
39,,Gloria,Mendoza
40,Quality Engineer,Matthew,Warren
41,,Steven,Weaver
42,Nurse,Kathleen,Morales
43,Physical Therapy Assistant,Heather,Spencer
44,Teacher,Amanda,Wood
45,,Kathy,Martinez
46,,Russell,Ramos
47,,Stephen,Sims
48,Accountant III,Terry,Barnes
49,Database Administrator II,Mildred,Romero
50,Paralegal,Roy,Hanson
51,Structural Analysis Engineer,Phyllis,Cook
52,Information Systems Manager,Randy,Vasquez
53,Staff Scientist,Tammy,Barnes
54,Internal Auditor,Matthew,Stevens
55,,Kelly,Hughes
56,Design Engineer,Pamela,Thompson
57,Clinical Specialist,Randy,Riley
58,,Jimmy,Romero
59,VP Quality Control,Michelle,Rose
60,,Martha,Wheeler
61,,Janet,Johnson
62,,Teresa,Powell
63,Programmer Analyst II,Douglas,Cox
64,Environmental Tech,David,Clark
65,Mechanical Systems Engineer,Brandon,Lewis
66,Safety Technician IV,Daniel,Moore
67,Dental Hygienist,Kelly,Gilbert
68,Data Coordiator,Harry,Peterson
69,Programmer I,Michael,Ramirez
70,Tax Accountant,George,Ruiz
71,,Andrea,Jacobs
72,Safety Technician IV,Donald,Peterson
73,,Martin,Perez
74,,Daniel,Fisher
75,,Stephen,Willis
76,Desktop Support Technician,Rachel,Hernandez
77,Financial Analyst,Joyce,Howard
78,,Linda,Duncan
79,Administrative Officer,Christine,Wagner
80,VP Marketing,Roger,Olson
81,,Phyllis,Elliott
82,Geologist II,Juan,Hill
83,,Shirley,Lopez
84,Engineer IV,Juan,Morrison
85,Community Outreach Specialist,Ashley,Ruiz
86,Professor,Howard,Gordon
87,Programmer Analyst I,Aaron,Howell
88,,Gerald,Gray
89,Programmer III,James,Marshall
90,Physical Therapy Assistant,Timothy,Brooks
91,GIS Technical Architect,Carol,Mills
92,Administrative Officer,Tammy,Ford
93,Human Resources Assistant IV,Louis,Jacobs
94,Statistician I,Patricia,Scott
95,Office Assistant III,Jeffrey,Hunt
96,Occupational Therapist,Billy,Montgomery
97,Dental Hygienist,Joshua,Baker
98,Graphic Designer,Alan,Pierce
99,Staff Accountant IV,Karen,Jones
100,Assistant Media Planner,David,Frazier
101,Actuary,Nicholas,Cunningham
102,Compensation Analyst,Kenneth,Powell
103,Research Assistant III,Thomas,Stone
104,Web Developer III,Carlos,Hunt
105,Recruiting Manager,Steven,Taylor
106,,Bobby,Dunn
107,,George,Harper
108,Developer III,Anthony,Simmons
109,Senior Quality Engineer,Terry,Mcdonald
110,,Louis,Chavez
111,Senior Sales Associate,Judith,Sims
112,Human Resources Manager,John,Bradley
113,,Clarence,Barnes
114,Human Resources Assistant I,Craig,Hernandez
115,Information Systems Manager,Pamela,Miller
116,Senior Sales Associate,Matthew,Pierce
117,,Jean,Morris
118,Social Worker,Gary,Bennett
119,Web Designer I,Steve,Carroll
120,Recruiting Manager,Helen,Crawford
121,Assistant Professor,Chris,Lopez
122,Research Assistant II,Julia,Stone
123,Professor,Anne,Romero
124,Accountant II,Ann,Lawrence
125,Programmer II,Anne,Willis
126,,Ralph,Murphy
127,Internal Auditor,Roger,Turner
128,Pharmacist,Steve,Moore
129,Pharmacist,Nicole,Brown
130,Business Systems Development Analyst,Janice,Brown
131,Sales Representative,Kelly,Warren
132,Senior Quality Engineer,Jose,Ray
133,Nurse,John,Jordan
134,,Brenda,Hill
135,,Wayne,Ramirez
136,Health Coach III,Cynthia,Carroll
137,,Jesse,Mendoza
138,,Gary,Bowman
139,,Ruth,Richardson
140,Financial Analyst,Janice,Gardner
141,Operator,Rebecca,Perez
142,Physical Therapy Assistant,Arthur,Long
143,Accountant III,William,Graham
144,Staff Scientist,Frances,Robertson
145,Analog Circuit Design manager,Jane,Stephens
146,Database Administrator I,Marilyn,Day
147,Chief Design Engineer,Shawn,Hart
148,,Benjamin,Hicks
149,,Sean,Collins
150,Account Executive,Norma,Riley
151,,Kimberly,Armstrong
152,Programmer Analyst II,George,Diaz
153,Developer IV,Antonio,Morrison
154,Recruiting Manager,Johnny,Carroll
155,,Joe,Lewis
156,Budget/Accounting Analyst III,Chris,Nelson
157,VP Marketing,Larry,Allen
158,Computer Systems Analyst III,Jose,Oliver
159,Technical Writer,Carl,Freeman
160,,Kathy,Tucker
161,,Alice,Medina
162,Database Administrator II,Russell,Anderson
163,,Judith,Vasquez
164,Systems Administrator IV,Judy,Matthews
165,Account Representative IV,Timothy,Carr
166,Software Engineer III,Rebecca,Smith
167,Clinical Specialist,Annie,Murray
168,Systems Administrator I,Adam,Williamson
169,Developer II,Martin,Torres
170,,Heather,Lewis
171,,Diane,Torres
172,Senior Editor,Jason,Long
173,,Rose,Spencer
174,Research Nurse,Andrea,Armstrong
175,Assistant Professor,Johnny,Franklin
176,Research Nurse,Lawrence,Riley
177,Quality Engineer,Christopher,Hudson
178,VP Quality Control,Larry,Ruiz
179,Computer Systems Analyst III,Douglas,Fox
180,Product Engineer,Nicole,Moreno
181,,Juan,Bishop
182,Geologist I,Betty,Wheeler
183,,James,Montgomery
184,,Philip,Harris
185,Information Systems Manager,Angela,Henderson
186,,Victor,Shaw
187,,Stephen,Mitchell
188,Chemical Engineer,Jerry,Ward
189,Staff Accountant I,Jean,Lawrence
190,,Lisa,Gordon
191,Professor,Phillip,Martinez
192,Senior Cost Accountant,Sean,Collins
193,Office Assistant IV,Christopher,Lawrence
194,Junior Executive,Ralph,Powell
195,Speech Pathologist,Ryan,Chavez
196,Senior Editor,Arthur,Hansen
197,Human Resources Manager,Russell,Fisher
198,,Raymond,Fields
199,,Christopher,Boyd
200,Assistant Media Planner,Aaron,Dean
201,,William,Morgan
202,Account Coordinator,Jack,Sanchez
203,Accountant III,Amanda,Arnold
204,Pharmacist,Gregory,Gordon
205,Recruiter,Emily,Washington
206,Engineer II,Amanda,Hunter
207,Social Worker,Steven,Welch
208,,Albert,Johnston
209,Marketing Assistant,Doris,Carr
210,Research Nurse,Kathy,Willis
211,Budget/Accounting Analyst II,Mark,Wheeler
212,,Sarah,Carter
213,Nurse,Justin,Harper
214,,Anna,Hicks
215,Associate Professor,Catherine,Hunt
216,Design Engineer,Angela,Moreno
217,Associate Professor,Catherine,Medina
218,,Brenda,Fowler
219,Recruiting Manager,Aaron,Lynch
220,Developer IV,Earl,Woods
221,,Fred,Mills
222,,Teresa,Hanson
223,Recruiting Manager,Irene,Fields
224,Geologist II,Jason,Anderson
225,Sales Associate,Irene,Cook
226,,George,Cunningham
227,,Edward,Russell
228,Chief Design Engineer,Jennifer,Harper
229,Database Administrator I,Earl,Arnold
230,,Amanda,Kim
231,Accountant IV,Lillian,Graham
232,Programmer III,Julie,Vasquez
233,,Anne,Long
234,Human Resources Assistant III,Lori,Carter
235,,Sean,Weaver
236,Developer IV,Timothy,Sanders
237,,Sharon,Johnston
238,Desktop Support Technician,Melissa,Stephens
239,Operator,Joyce,Henry
240,,Sarah,Ramos
241,Environmental Tech,Clarence,Bishop
242,Research Assistant II,Joe,Fisher
243,Chemical Engineer,Jennifer,Palmer
244,Media Manager IV,Denise,Robinson
245,Senior Quality Engineer,Willie,Watson
246,Senior Quality Engineer,Jacqueline,Jones
247,Research Assistant III,Carl,Medina
248,Senior Quality Engineer,Robin,Ray
249,,Eric,Gutierrez
250,Senior Quality Engineer,Louise,Bell
251,Nurse,Frances,Bell
252,Help Desk Technician,Virginia,Little
253,,Roger,Fields
254,Technical Writer,Adam,Griffin
255,Programmer Analyst I,Fred,Chavez
256,,Jesse,Knight
257,,Jean,Carpenter
258,,Brenda,Ryan
259,,Edward,Duncan
260,,Teresa,Washington
261,Director of Sales,Arthur,Ferguson
262,,Sara,Cole
263,Engineer II,Jesse,Chavez
264,,Bobby,Ortiz
265,Associate Professor,Eric,Davis
266,Assistant Professor,Gary,Alvarez
267,Software Test Engineer II,Roger,Washington
268,Operator,Doris,Young
269,Engineer I,Sara,Garrett
270,Tax Accountant,Mildred,Long
271,Account Executive,Billy,Richardson
272,Assistant Professor,Andrea,Palmer
273,,Phyllis,Cunningham
274,Director of Sales,Karen,Young
275,Data Coordiator,Julia,Lawrence
276,Staff Accountant II,Jason,Pierce
277,VP Accounting,Shawn,King
278,Community Outreach Specialist,Eugene,Taylor
279,Web Developer II,Annie,Gordon
280,,Jeffrey,Kennedy
281,Marketing Assistant,Melissa,White
282,Research Associate,Stephen,Hunt
283,,Ryan,Gonzalez
284,Project Manager,Charles,Hall
285,Mechanical Systems Engineer,Annie,Robertson
286,Budget/Accounting Analyst IV,Craig,Schmidt
287,,Joe,Phillips
288,VP Product Management,Donald,Fisher
289,Developer IV,Clarence,Russell
290,Marketing Manager,Eric,Jacobs
291,Recruiting Manager,Samuel,Elliott
292,Structural Analysis Engineer,Susan,Carpenter
293,Web Developer II,Harry,Henry
294,,Deborah,Dixon
295,Civil Engineer,Shirley,Harrison
296,Dental Hygienist,Howard,Cole
297,Legal Assistant,Judy,Elliott
298,Chemical Engineer,Joshua,Dunn
299,,Brandon,Sims
300,Accounting Assistant III,Gerald,Flores
301,,Timothy,Wright
302,,Willie,Hughes
303,Software Engineer II,Kathleen,Lynch
304,Budget/Accounting Analyst II,Thomas,Nguyen
305,Nuclear Power Engineer,Lori,Romero
306,Speech Pathologist,Anthony,Sanders
307,Accountant I,Martha,Daniels
308,Systems Administrator III,Joyce,Black
309,Software Test Engineer I,Dorothy,Hudson
310,Senior Editor,Kimberly,Ward
311,Mechanical Systems Engineer,Denise,Reed
312,Professor,Charles,Greene
313,Occupational Therapist,Walter,Snyder
314,,Clarence,Brown
315,Analyst Programmer,Bonnie,Wallace
316,Project Manager,Teresa,Romero
317,,Joan,Gibson
318,Sales Associate,Joyce,Sanders
319,Engineer II,Shirley,Richardson
320,Staff Accountant II,Ryan,Chapman
321,,Jesse,Fowler
322,Nurse,Martha,Garza
323,Tax Accountant,Donald,Simpson
324,Desktop Support Technician,Raymond,Morales
325,Account Executive,Paula,Morgan
326,Senior Quality Engineer,Gerald,Perry
327,Mechanical Systems Engineer,Lois,Campbell
328,VP Sales,Gregory,Nelson
329,,William,Butler
330,Clinical Specialist,Kenneth,Russell
331,Actuary,Jonathan,Hall
332,,Peter,Gray
333,Nurse Practicioner,Brenda,Henry
334,VP Quality Control,Johnny,Rivera
335,VP Sales,Dorothy,Howard
336,Pharmacist,Kenneth,Carter
337,Engineer III,Sean,Hudson
338,,Thomas,Jordan
339,,Donald,Hayes
340,Desktop Support Technician,Judy,Wheeler
341,Quality Control Specialist,Ernest,Montgomery
342,Analyst Programmer,Earl,Hicks
343,VP Quality Control,Daniel,Cook
344,,Michael,Castillo
345,Quality Control Specialist,Louise,Clark
346,,Mildred,Cook
347,Quality Control Specialist,Kimberly,Myers
348,VP Sales,Bruce,Meyer
349,Data Coordiator,Doris,Burns
350,Administrative Officer,Shirley,Larson
351,Project Manager,Kathleen,Lawson
352,Senior Editor,Ryan,Hamilton
353,,Linda,Reynolds
354,Accountant III,Janice,Simpson
355,Human Resources Assistant III,Carlos,Davis
356,Software Engineer I,Bobby,Fowler
357,Physical Therapy Assistant,Cynthia,Collins
358,Marketing Assistant,Patricia,Kennedy
359,,Stephen,Gomez
360,Environmental Specialist,Craig,Rodriguez
361,Chief Design Engineer,Barbara,Lawson
362,,Antonio,Armstrong
363,Community Outreach Specialist,Sharon,Wallace
364,,Carolyn,Freeman
365,Help Desk Operator,Evelyn,Willis
366,,Donna,Mitchell
367,Nurse Practicioner,Teresa,Clark
368,,Mary,Mccoy
369,Accounting Assistant III,Michael,Martinez
370,Director of Sales,Amy,Hill
371,Systems Administrator II,Ralph,Ferguson
372,Legal Assistant,Karen,Richardson
373,,Carolyn,Jenkins
374,Tax Accountant,Roger,Hudson
375,Account Representative IV,Janice,Garza
376,,Samuel,Sanchez
377,,Gerald,Andrews
378,,Evelyn,James
379,Financial Analyst,Joan,Walker
380,,Philip,Greene
381,Editor,Todd,Simpson
382,Information Systems Manager,Donna,Morgan
383,,Ryan,Gardner
384,Recruiter,Theresa,Welch
385,Senior Quality Engineer,John,Morrison
386,Quality Engineer,Paul,Russell
387,Statistician I,Shirley,Hanson
388,,Aaron,Watson
389,,Amy,Payne
390,,Emily,Alexander
391,Social Worker,Kenneth,Reyes
392,,Marie,Hall
393,Database Administrator I,Sara,Davis
394,,George,Morales
395,Desktop Support Technician,Tina,Robinson
396,Desktop Support Technician,Julie,Cox
397,,Amanda,Mills
398,,Janice,Mason
399,Professor,Jane,Brown
400,,Clarence,Sullivan
401,,Katherine,Hart
402,Civil Engineer,Christina,Tucker
403,Structural Engineer,Mary,Fowler
404,Health Coach I,Cynthia,Tucker
405,,Philip,Peters
406,,Brandon,Howell
407,,Beverly,Fisher
408,Director of Sales,Jonathan,Turner
409,Community Outreach Specialist,Andrew,Stevens
410,Nuclear Power Engineer,Jesse,Holmes
411,Staff Accountant IV,Melissa,Howard
412,,Roger,Owens
413,Librarian,Kimberly,Parker
414,Software Engineer II,Alan,Rogers
415,Nurse Practicioner,Tammy,Harvey
416,Senior Editor,Barbara,Sullivan
417,Electrical Engineer,Jeremy,Andrews
418,Civil Engineer,Joshua,Carter
419,Payment Adjustment Coordinator,Alan,West
420,Clinical Specialist,Pamela,Gardner
421,Pharmacist,Jimmy,Lewis
422,Computer Systems Analyst I,Tammy,Simpson
423,Internal Auditor,James,Vasquez
424,,Randy,Sanders
425,,Ruth,Wood
426,Cost Accountant,Angela,Riley
427,Structural Engineer,Brenda,King
428,Occupational Therapist,Sara,Montgomery
429,Director of Sales,Peter,Holmes
430,Senior Quality Engineer,Martin,Perry
431,Statistician IV,Patrick,Franklin
432,Analog Circuit Design manager,Christopher,Day
433,Mechanical Systems Engineer,Janet,Morris
434,Cost Accountant,Billy,George
435,,Earl,Burton
436,Web Developer II,Aaron,Roberts
437,Occupational Therapist,Louise,Montgomery
438,Web Developer I,Paula,Chapman
439,Editor,Sarah,Vasquez
440,Senior Financial Analyst,Lawrence,Russell
441,,Lori,Hanson
442,,Marilyn,Hill
443,,Louise,Carr
444,,Douglas,Sims
445,Recruiter,Tammy,Romero
446,,Debra,Dixon
447,VP Quality Control,Eric,Lopez
448,Financial Advisor,Jimmy,Grant
449,,Rebecca,Montgomery
450,Biostatistician III,Julia,Stevens
451,,Maria,Crawford
452,Design Engineer,Matthew,Moore
453,Junior Executive,Kelly,Hunter
454,Marketing Assistant,Theresa,Chavez
455,Tax Accountant,Kevin,Howell
456,Media Manager III,Daniel,Ortiz
457,Assistant Media Planner,Victor,Jones
458,Marketing Manager,Paula,Davis
459,,Heather,Torres
460,,Louis,Hicks
461,Speech Pathologist,Bobby,Fowler
462,Junior Executive,Albert,Simmons
463,,Kathy,Myers
464,Accounting Assistant IV,Willie,Vasquez
465,Pharmacist,Shawn,Hicks
466,,Fred,Rice
467,VP Sales,Edward,Fields
468,,Willie,Howard
469,Software Test Engineer I,Willie,Lane
470,Help Desk Operator,William,Rice
471,,Paula,Phillips
472,Recruiter,Laura,Watson
473,Web Developer I,Barbara,Knight
474,,Irene,Evans
475,Staff Scientist,Sandra,Harper
476,,Lori,Evans
477,VP Marketing,Daniel,West
478,Project Manager,Diane,Mendoza
479,,Bonnie,Reyes
480,Research Assistant I,Timothy,Arnold
481,Financial Analyst,George,Graham
482,Clinical Specialist,Anthony,Wheeler
483,,Paula,Marshall
484,Sales Representative,Lois,Schmidt
485,Human Resources Assistant I,Russell,Lynch
486,Cost Accountant,Katherine,Ford
487,,Roy,Williams
488,Accounting Assistant IV,Ruby,Johnston
489,Executive Secretary,Larry,Johnston
490,Analyst Programmer,Donald,Miller
491,,Shawn,Stone
492,,Christopher,Perry
493,Data Coordiator,Jose,Wood
494,,Lori,Ray
495,Structural Engineer,John,Murray
496,,Matthew,Perez
497,,Kimberly,Long
498,,Jennifer,Boyd
499,Analog Circuit Design manager,Earl,Harvey
500,Technical Writer,Maria,Thomas
501,,Mary,Gibson
502,Director of Sales,Ruth,Hanson
503,Safety Technician II,Julia,Green
504,Health Coach III,Virginia,Boyd
505,Human Resources Manager,Tina,Martin
506,Research Assistant III,Anna,Wheeler
507,Geologist III,Antonio,Murphy
508,Associate Professor,Denise,Olson
509,Web Developer III,Jean,Smith
510,VP Marketing,Carlos,Burton
511,,Kelly,Adams
512,,Rachel,Green
513,Help Desk Operator,Judith,Palmer
514,,Laura,Gutierrez
515,Research Associate,Jack,Watkins
516,,Norma,Larson
517,,Heather,Torres
518,Physical Therapy Assistant,Nancy,Sims
519,Business Systems Development Analyst,Russell,Wood
520,Web Developer I,Thomas,Coleman
521,,Charles,Barnes
522,Account Executive,Craig,Duncan
523,Recruiter,Ronald,Bradley
524,,Arthur,Rogers
525,,Edward,Mendoza
526,Computer Systems Analyst I,Kevin,Barnes
527,Editor,Carolyn,Patterson
528,,Craig,Foster
529,Compensation Analyst,Patricia,Ford
530,Software Consultant,Roger,Gilbert
531,Tax Accountant,Jimmy,Cruz
532,Pharmacist,Lois,Kelly
533,,Scott,Garrett
534,Pharmacist,Juan,Webb
535,Help Desk Operator,Kenneth,Lynch
536,,Denise,Cunningham
537,,Bonnie,Barnes
538,VP Sales,Sean,Howard
539,Senior Editor,Wanda,Garcia
540,Associate Professor,Clarence,Johnson
541,Account Executive,Angela,Anderson
542,Administrative Assistant IV,Aaron,Stewart
543,Environmental Tech,Norma,Rivera
544,Account Executive,Richard,Long
545,Engineer I,Rachel,Hansen
546,Electrical Engineer,Carl,Hudson
547,,Pamela,Rogers
548,Desktop Support Technician,Harry,Cooper
549,VP Sales,Dennis,Bennett
550,Health Coach I,Ernest,Myers
551,,Harold,Cook
552,Information Systems Manager,Frances,Ruiz
553,Physical Therapy Assistant,Mark,Carroll
554,Food Chemist,Jerry,Torres
555,Design Engineer,Rose,Ramos
556,Sales Associate,Christina,Morrison
557,,Benjamin,Castillo
558,Executive Secretary,Rebecca,Peters
559,Programmer Analyst II,Beverly,Morris
560,,Keith,Gray
561,Web Designer I,Nicholas,Nichols
562,Physical Therapy Assistant,Bruce,Lewis
563,,Jessica,Garcia
564,Senior Editor,Jacqueline,Simpson
565,Assistant Manager,Eugene,Mills
566,Geological Engineer,Raymond,Cunningham
567,Speech Pathologist,Harold,Mason
568,,Jimmy,Allen
569,Senior Developer,Louise,Davis
570,Financial Advisor,Amanda,Wilson
571,Help Desk Operator,Norma,Bryant
572,Structural Engineer,Sharon,Wheeler
573,Structural Engineer,Aaron,Romero
574,,Matthew,Wheeler
575,Technical Writer,Andrea,Hughes
576,,Terry,Green
577,,Willie,Vasquez
578,Accountant II,Kimberly,Ramos
579,Assistant Manager,Andrea,Jackson
580,,Michael,Martin
581,VP Quality Control,Billy,Nelson
582,Sales Representative,Jimmy,Morales
583,Software Test Engineer II,Shirley,Larson
584,Marketing Assistant,Alan,Williamson
585,Account Executive,Craig,Ortiz
586,,Irene,Wallace
587,Product Engineer,Juan,Washington
588,Chief Design Engineer,Chris,Lewis
589,Chemical Engineer,Stephen,Berry
590,,Joan,Freeman
591,Safety Technician III,Melissa,Scott
592,VP Sales,Matthew,Turner
593,,Rose,Little
594,VP Product Management,Harold,Mason
595,,Diana,Price
596,Developer IV,Willie,Stanley
597,,Frances,Gordon
598,Research Associate,Ryan,Lane
599,Operator,Julia,Rivera
600,Accounting Assistant I,Lisa,Sullivan
601,Help Desk Operator,Gary,Gardner
602,Social Worker,Debra,Reid
603,Data Coordiator,Gregory,Schmidt
604,Senior Sales Associate,William,Crawford
605,Engineer III,Bruce,Jacobs
606,,Phyllis,Gordon
607,Mechanical Systems Engineer,Heather,Morales
608,Sales Representative,Ralph,Reynolds
609,Payment Adjustment Coordinator,Louis,Stanley
610,Information Systems Manager,Ronald,Patterson
611,Clinical Specialist,Jacqueline,Scott
612,,Dorothy,Powell
613,Food Chemist,Tina,Rodriguez
614,Help Desk Operator,Bruce,Garrett
615,,Aaron,Bishop
616,Administrative Assistant II,Sandra,Ray
617,Compensation Analyst,Frances,Larson
618,Quality Engineer,Sarah,Hamilton
619,Programmer Analyst III,Katherine,Wallace
620,Marketing Assistant,Amy,Martin
621,Senior Developer,Jonathan,Parker
622,Help Desk Operator,Alan,Lawrence
623,Dental Hygienist,Ernest,Perry
624,Sales Associate,Lillian,Howell
625,,Brandon,Gonzales
626,Environmental Specialist,Barbara,Jenkins
627,Business Systems Development Analyst,William,Bishop
628,,Julia,Ryan
629,Software Consultant,Victor,Green
630,Social Worker,Brandon,Fox
631,Marketing Assistant,Timothy,Cooper
632,Assistant Professor,Bruce,Perez
633,,Stephen,Price
634,,Dennis,Richardson
635,Assistant Professor,Bonnie,Sims
636,,Peter,Frazier
637,,Doris,Cole
638,,Debra,Hawkins
639,,Russell,Watson
640,Occupational Therapist,Amy,Mason
641,Quality Control Specialist,Philip,Gibson
642,Programmer Analyst I,Doris,Gray
643,,Beverly,Hart
644,Technical Writer,Randy,Martin
645,Help Desk Technician,Ernest,Matthews
646,,Lawrence,Ross
647,,Julia,Adams
648,,Irene,Stevens
649,Internal Auditor,Keith,Alvarez
650,Mechanical Systems Engineer,Sandra,Carter
651,Data Coordiator,Carlos,Welch
652,Nuclear Power Engineer,Kenneth,Hayes
653,Speech Pathologist,Harold,Hunt
654,Chief Design Engineer,Gerald,Freeman
655,,Kevin,Jacobs
656,,Beverly,Cruz
657,Analog Circuit Design manager,Roy,Phillips
658,,Roy,Warren
659,Accountant I,Harold,Little
660,Environmental Tech,Elizabeth,Moore
661,General Manager,Brian,Black
662,Analog Circuit Design manager,Julia,Pierce
663,Senior Sales Associate,Melissa,Weaver
664,Legal Assistant,Todd,Welch
665,Research Assistant I,Stephanie,Ferguson
666,,Johnny,Willis
667,Recruiting Manager,Peter,Harper
668,,Jimmy,Martinez
669,,Kevin,Reyes
670,Automation Specialist I,Bruce,Hart
671,,Melissa,Price
672,Chemical Engineer,Stephen,Graham
673,Programmer Analyst IV,Julie,Cruz
674,GIS Technical Architect,Jacqueline,Gilbert
675,Nuclear Power Engineer,Dorothy,Fernandez
676,Biostatistician II,Amanda,Little
677,Analog Circuit Design manager,Samuel,Cunningham
678,Food Chemist,James,Collins
679,Associate Professor,Gregory,Bowman
680,Marketing Assistant,Phillip,Alvarez
681,Junior Executive,Scott,Ross
682,Director of Sales,Ruth,Cook
683,Marketing Assistant,Lori,Mendoza
684,Senior Cost Accountant,Angela,Mason
685,Programmer IV,Douglas,Miller
686,Programmer IV,Diana,Taylor
687,Professor,Jerry,Stevens
688,Accounting Assistant IV,Aaron,Gibson
689,,Kimberly,Kelley
690,Account Coordinator,Ann,Bailey
691,Health Coach IV,Gregory,Brown
692,Human Resources Assistant II,Thomas,Marshall
693,,Alan,Bennett
694,Administrative Assistant I,Martha,Payne
695,Information Systems Manager,Harold,Miller
696,,Ryan,Frazier
697,,Louis,Rodriguez
698,Chief Design Engineer,Bobby,Lynch
699,Social Worker,Robert,Romero
700,,Brenda,Green
701,,Antonio,Olson
702,Associate Professor,Norma,Hayes
703,Administrative Assistant IV,Willie,Ford
704,Assistant Media Planner,Ernest,Watkins
705,Programmer Analyst II,Lawrence,Alvarez
706,Senior Financial Analyst,Louis,Ryan
707,VP Product Management,Lori,Johnston
708,Marketing Manager,Eric,Snyder
709,Biostatistician IV,Linda,Carter
710,Cost Accountant,Samuel,Hudson
711,Senior Sales Associate,Linda,Montgomery
712,Dental Hygienist,Ronald,Hunter
713,General Manager,Donna,Harper
714,,Judith,Duncan
715,Environmental Specialist,Lori,Stephens
716,Geologist II,Kelly,Reyes
717,Associate Professor,Paula,Meyer
718,Payment Adjustment Coordinator,Kathy,Armstrong
719,Senior Editor,Phillip,Hudson
720,Financial Advisor,Jack,Sims
721,Research Assistant II,Sandra,Marshall
722,Analyst Programmer,Terry,Armstrong
723,,Donna,Richardson
724,Developer III,Clarence,Henry
725,,Sean,Williams
726,VP Quality Control,Donald,Hernandez
727,Senior Editor,Christine,Nguyen
728,Community Outreach Specialist,William,Murray
729,Sales Associate,Patricia,Burns
730,Executive Secretary,Joyce,Thomas
731,,Julia,Fields
732,,Larry,Austin
733,,Linda,Romero
734,,Donald,Peterson
735,Senior Developer,Patrick,Patterson
736,Software Engineer II,James,Lawrence
737,,Eric,Moreno
738,Quality Control Specialist,Henry,Hudson
739,Developer III,Janet,Hughes
740,Financial Advisor,Martin,Arnold
741,Design Engineer,Debra,Woods
742,Software Test Engineer I,Ann,Garcia
743,Internal Auditor,Steve,Bradley
744,Recruiting Manager,Marilyn,Mccoy
745,Social Worker,Frances,Castillo
746,Senior Cost Accountant,William,Stevens
747,,Norma,Reid
748,Legal Assistant,Rachel,Hall
749,Recruiting Manager,Ashley,Richards
750,Human Resources Assistant I,John,Carr
751,Account Coordinator,Nicole,Snyder
752,Environmental Tech,Ann,Matthews
753,Web Designer I,Gerald,West
754,Tax Accountant,Lillian,Mitchell
755,,Nicholas,Riley
756,Research Associate,Justin,Taylor
757,Budget/Accounting Analyst I,Nicole,Daniels
758,,Jessica,Cruz
759,Clinical Specialist,Anne,Ford
760,,Cynthia,Larson
761,Payment Adjustment Coordinator,Samuel,Flores
762,VP Accounting,Anthony,Graham
763,Computer Systems Analyst II,Joan,Hanson
764,Senior Developer,Susan,Hernandez
765,,Jimmy,Brown
766,Human Resources Manager,Anne,Wheeler
767,Professor,Louise,Reed
768,Technical Writer,Lillian,Garza
769,Media Manager I,Michael,Chavez
770,,Julie,Reed
771,Chief Design Engineer,Jeremy,Howard
772,,Rachel,Garza
773,,Randy,Ellis
774,Assistant Media Planner,Samuel,Knight
775,Statistician I,Jack,Owens
776,Marketing Assistant,Louise,Chavez
777,Safety Technician I,Jean,Taylor
778,,Terry,Mendoza
779,Tax Accountant,Sarah,Moreno
780,Structural Analysis Engineer,Tina,Martinez
781,Assistant Manager,Russell,Gutierrez
782,VP Marketing,Ralph,Andrews
783,Systems Administrator I,Carol,Knight
784,,Walter,Reyes
785,,Edward,Washington
786,Marketing Assistant,Kimberly,Fox
787,Health Coach I,Debra,Cole
788,Librarian,Jason,Sanchez
789,Nuclear Power Engineer,Kenneth,Larson
790,General Manager,Willie,Peters
791,,Sharon,Arnold
792,,Debra,Cole
793,Safety Technician IV,Ryan,Hill
794,Clinical Specialist,Arthur,Lewis
795,,Jerry,Fuller
796,,Donna,Hanson
797,Media Manager II,Norma,Hanson
798,Recruiter,Betty,Bryant
799,Speech Pathologist,Jimmy,Dixon
800,,Deborah,Jordan
801,Recruiter,Louise,Ross
802,Computer Systems Analyst IV,Louise,Armstrong
803,Automation Specialist III,Matthew,Matthews
804,Marketing Assistant,Anne,Mason
805,Research Nurse,Sarah,Hughes
806,Administrative Officer,Antonio,Jordan
807,,Carlos,Collins
808,,Samuel,Andrews
809,,Kevin,Brown
810,,Lawrence,Hudson
811,,Brian,Roberts
812,Financial Advisor,Nancy,Patterson
813,Environmental Specialist,Fred,Gilbert
814,Quality Engineer,Pamela,Lee
815,,Eugene,Matthews
816,Clinical Specialist,Deborah,Carroll
817,General Manager,Cynthia,Young
818,,Karen,Cunningham
819,VP Accounting,Tammy,Diaz
820,Senior Developer,Kenneth,Wood
821,,Jose,Nguyen
822,GIS Technical Architect,Larry,Cole
823,,Andrew,West
824,Business Systems Development Analyst,Gregory,Powell
825,Programmer Analyst III,Ashley,Evans
826,Executive Secretary,Albert,Mendoza
827,,Bonnie,Sanchez
828,,Sandra,Hill
829,Computer Systems Analyst II,Terry,Burton
830,Office Assistant I,Victor,Watson
831,Marketing Assistant,Deborah,Brown
832,Human Resources Manager,Lillian,Rodriguez
833,Geologist III,Patricia,Patterson
834,,Linda,Matthews
835,,Heather,Morales
836,Editor,Jimmy,Armstrong
837,,Betty,Lewis
838,,Gerald,Elliott
839,Software Consultant,Douglas,Thomas
840,Pharmacist,Michelle,Murray
841,,Theresa,Patterson
842,Software Consultant,Steve,Wright
843,Human Resources Manager,Albert,Mills
844,Business Systems Development Analyst,Christopher,Johnston
845,Senior Editor,Wayne,Reynolds
846,Community Outreach Specialist,Shawn,Rogers
847,,Nicholas,Hunter
848,Quality Control Specialist,Sharon,Jordan
849,Accounting Assistant III,Irene,Simmons
850,Occupational Therapist,Jose,Carter
851,Statistician I,Jimmy,Olson
852,Research Associate,Robert,Kennedy
853,,Bonnie,Knight
854,Media Manager III,Jessica,Pierce
855,,Terry,Welch
856,Chemical Engineer,Joan,Hall
857,Teacher,Pamela,Ford
858,Biostatistician II,Christopher,Fox
859,,John,Campbell
860,,Chris,Cole
861,Health Coach IV,Arthur,Collins
862,Computer Systems Analyst II,Samuel,Thompson
863,Assistant Professor,Frances,Meyer
864,Director of Sales,Debra,Andrews
865,Speech Pathologist,Jerry,Little
866,Account Executive,Evelyn,Garza
867,Nurse,Martha,Cole
868,Director of Sales,Aaron,Palmer
869,Biostatistician I,Mildred,Perez
870,,Chris,Frazier
871,Web Developer II,Bruce,Wagner
872,Software Engineer IV,Dennis,Adams
873,Research Associate,Paula,Russell
874,Staff Scientist,Mary,Myers
875,,Edward,Watson
876,,Doris,Little
877,Librarian,Jose,Powell
878,Professor,Steven,Ray
879,Editor,Virginia,Ortiz
880,Assistant Professor,Benjamin,Fields
881,,Shirley,Sullivan
882,,Craig,Brooks
883,,Stephen,Williamson
884,Software Consultant,Sean,Wilson
885,Engineer III,Andrew,Morris
886,Cost Accountant,Carl,Harvey
887,,Craig,Howard
888,Teacher,Debra,Rogers
889,Developer III,Louis,Andrews
890,Automation Specialist III,Lillian,Diaz
891,Junior Executive,Kathleen,Smith
892,,Eugene,Turner
893,,Juan,Powell
894,Chemical Engineer,Jane,Olson
895,,Amy,Perez
896,Information Systems Manager,Kelly,George
897,Research Assistant I,Mark,Boyd
898,VP Product Management,Russell,Simpson
899,Statistician II,Anthony,Dean
900,Account Representative II,Craig,Kelley
901,Pharmacist,Jennifer,Edwards
902,Payment Adjustment Coordinator,Scott,Elliott
903,,Kathy,Ward
904,Dental Hygienist,Gary,Oliver
905,Programmer Analyst III,Christina,Williams
906,Cost Accountant,Chris,Medina
907,,Carol,Garza
908,Data Coordiator,Arthur,Fowler
909,Associate Professor,Phyllis,Murray
910,,Ryan,Woods
911,,Adam,Watson
912,Research Associate,Carolyn,Oliver
913,Physical Therapy Assistant,Annie,Thompson
914,Safety Technician II,Cheryl,Powell
915,Electrical Engineer,Joan,Stevens
916,Compensation Analyst,Justin,Green
917,,Gregory,Foster
918,,Mildred,Chapman
919,Dental Hygienist,Juan,Gibson
920,Civil Engineer,Frances,Meyer
921,VP Quality Control,Elizabeth,Ruiz
922,Librarian,Henry,Brown
923,Software Engineer IV,Earl,Gomez
924,,John,Arnold
925,Internal Auditor,Nancy,Perry
926,Design Engineer,Antonio,Cole
927,Help Desk Operator,Wanda,Freeman
928,Structural Engineer,Heather,Hall
929,Geologist II,Mark,Bryant
930,Editor,Katherine,Day
931,Desktop Support Technician,Kathryn,Fisher
932,Compensation Analyst,Stephen,Harris
933,Product Engineer,Lisa,Pierce
934,Help Desk Technician,Carolyn,Holmes
935,Structural Analysis Engineer,Jerry,Hunt
936,Help Desk Technician,Thomas,Hamilton
937,Librarian,Patricia,Cox
938,,Pamela,George
939,Chief Design Engineer,Carl,George
940,Technical Writer,Laura,Williamson
941,Information Systems Manager,Jessica,Butler
942,Design Engineer,Christina,Rogers
943,Senior Financial Analyst,Billy,Cole
944,Automation Specialist IV,Janice,Rose
945,,Kathryn,Ramirez
946,Account Representative III,Anthony,Wagner
947,Design Engineer,Pamela,Peters
948,Account Coordinator,Shirley,Gray
949,Graphic Designer,Walter,Austin
950,Software Test Engineer II,Gary,Edwards
951,Senior Sales Associate,Alice,Medina
952,,Jacqueline,Gardner
953,Actuary,Jimmy,Fernandez
954,Librarian,Linda,Jones
955,,Gloria,Long
956,,Robin,Ramirez
957,Cost Accountant,Louis,Kennedy
958,Product Engineer,Kenneth,Wallace
959,Geological Engineer,Wayne,Phillips
960,,Maria,George
961,,Cynthia,Garrett
962,Financial Advisor,George,Freeman
963,Product Engineer,Earl,Ross
964,,Jason,Cox
965,Operator,Christine,Mcdonald
966,Teacher,George,Woods
967,,Irene,Sanchez
968,Nuclear Power Engineer,Theresa,Howell
969,Dental Hygienist,Rebecca,Gordon
970,Compensation Analyst,Adam,Clark
971,,Amy,Chavez
972,Help Desk Operator,Emily,Butler
973,Assistant Manager,Raymond,Garza
974,,Earl,Parker
975,Assistant Professor,Alice,Brown
976,,Janice,Lane
977,,Juan,Cunningham
978,,Diane,Garrett
979,Human Resources Assistant I,Melissa,Ward
980,,Gregory,Watkins
981,Administrative Officer,Kathryn,Wallace
982,Research Associate,Joe,Sanchez
983,,Victor,Stephens
984,,Bonnie,Cunningham
985,,Joe,Wilson
986,Biostatistician III,Timothy,Reynolds
987,,Larry,Bennett
988,,Tina,Dunn
989,Statistician II,Patricia,Morales
990,Sales Associate,Andrea,Hayes
991,,Barbara,Franklin
992,Senior Developer,Martha,Ray
993,Physical Therapy Assistant,Terry,Green
994,Marketing Assistant,Brenda,Brooks
995,Structural Analysis Engineer,Melissa,Evans
996,Office Assistant II,Jennifer,Banks
997,Assistant Media Planner,Wanda,Jacobs
998,Human Resources Assistant I,Jimmy,Butler
999,Account Representative I,Joshua,Lopez
1000,Editor,Phillip,James
